,DateTimeKey,Date Time Hour Beginning,Hourly UCLF+OCLF,Unnamed: 0.12,Unnamed: 0.11,Unnamed: 0.10,Unnamed: 0.9,Unnamed: 0.8,Unnamed: 0.3,Unnamed: 0.2,Unnamed: 0.1,Unnamed: 0,Unnamed: 0.4,Unnamed: 0.5,Unnamed: 0.6,Unnamed: 0.7
0,2022-02-20 00:00:00,2022-02-20 00:00:00,13761.832,0.0,0.0,0.0,0.0,0.0,336.0,336.0,0.0,0.0,,,,
1,2022-02-20 01:00:00,2022-02-20 01:00:00,13368.258,1.0,1.0,1.0,1.0,1.0,337.0,337.0,1.0,1.0,,,,
2,2022-02-20 02:00:00,2022-02-20 02:00:00,14156.687,2.0,2.0,2.0,2.0,2.0,338.0,338.0,2.0,2.0,,,,
3,2022-02-20 03:00:00,2022-02-20 03:00:00,14800.708,3.0,3.0,3.0,3.0,3.0,339.0,339.0,3.0,3.0,,,,
4,2022-02-20 04:00:00,2022-02-20 04:00:00,14879.041,4.0,4.0,4.0,4.0,4.0,340.0,340.0,4.0,4.0,,,,
5,2022-02-20 05:00:00,2022-02-20 05:00:00,15034.158,5.0,5.0,5.0,5.0,5.0,341.0,341.0,5.0,5.0,,,,
6,2022-02-20 06:00:00,2022-02-20 06:00:00,15333.233,6.0,6.0,6.0,6.0,6.0,342.0,342.0,6.0,6.0,,,,
7,2022-02-20 07:00:00,2022-02-20 07:00:00,14904.208,7.0,7.0,7.0,7.0,7.0,343.0,343.0,7.0,7.0,,,,
8,2022-02-20 08:00:00,2022-02-20 08:00:00,14748.365,8.0,8.0,8.0,8.0,8.0,344.0,344.0,8.0,8.0,,,,
9,2022-02-20 09:00:00,2022-02-20 09:00:00,14658.626,9.0,9.0,9.0,9.0,9.0,345.0,345.0,9.0,9.0,,,,
10,2022-02-20 10:00:00,2022-02-20 10:00:00,14922.255,10.0,10.0,10.0,10.0,10.0,346.0,346.0,10.0,10.0,,,,
11,2022-02-20 11:00:00,2022-02-20 11:00:00,15174.109,11.0,11.0,11.0,11.0,11.0,347.0,347.0,11.0,11.0,,,,
12,2022-02-20 12:00:00,2022-02-20 12:00:00,15255.856,12.0,12.0,12.0,12.0,12.0,348.0,348.0,12.0,12.0,,,,
13,2022-02-20 13:00:00,2022-02-20 13:00:00,15031.02,13.0,13.0,13.0,13.0,13.0,349.0,349.0,13.0,13.0,,,,
14,2022-02-20 14:00:00,2022-02-20 14:00:00,14875.792,14.0,14.0,14.0,14.0,14.0,350.0,350.0,14.0,14.0,,,,
15,2022-02-20 15:00:00,2022-02-20 15:00:00,14655.79,15.0,15.0,15.0,15.0,15.0,351.0,351.0,15.0,15.0,,,,
16,2022-02-20 16:00:00,2022-02-20 16:00:00,14452.098,16.0,16.0,16.0,16.0,16.0,352.0,352.0,16.0,16.0,,,,
17,2022-02-20 17:00:00,2022-02-20 17:00:00,13798.949,17.0,17.0,17.0,17.0,17.0,353.0,353.0,17.0,17.0,,,,
18,2022-02-20 18:00:00,2022-02-20 18:00:00,13469.488,18.0,18.0,18.0,18.0,18.0,354.0,354.0,18.0,18.0,,,,
19,2022-02-20 19:00:00,2022-02-20 19:00:00,13378.866,19.0,19.0,19.0,19.0,19.0,355.0,355.0,19.0,19.0,,,,
20,2022-02-20 20:00:00,2022-02-20 20:00:00,13393.368,20.0,20.0,20.0,20.0,20.0,356.0,356.0,20.0,20.0,,,,
21,2022-02-20 21:00:00,2022-02-20 21:00:00,13345.494,21.0,21.0,21.0,21.0,21.0,357.0,357.0,21.0,21.0,,,,
22,2022-02-20 22:00:00,2022-02-20 22:00:00,13316.875,22.0,22.0,22.0,22.0,22.0,358.0,358.0,22.0,22.0,,,,
23,2022-02-20 23:00:00,2022-02-20 23:00:00,13223.139,23.0,23.0,23.0,23.0,23.0,359.0,359.0,23.0,23.0,,,,
24,2022-02-21 00:00:00,2022-02-21 00:00:00,13026.547,24.0,24.0,24.0,24.0,24.0,360.0,360.0,24.0,24.0,,,,
25,2022-02-21 01:00:00,2022-02-21 01:00:00,13563.836,25.0,25.0,25.0,25.0,25.0,361.0,361.0,25.0,25.0,,,,
26,2022-02-21 02:00:00,2022-02-21 02:00:00,13462.066,26.0,26.0,26.0,26.0,26.0,362.0,362.0,26.0,26.0,,,,
27,2022-02-21 03:00:00,2022-02-21 03:00:00,13372.538,27.0,27.0,27.0,27.0,27.0,363.0,363.0,27.0,27.0,,,,
28,2022-02-21 04:00:00,2022-02-21 04:00:00,13090.412,28.0,28.0,28.0,28.0,28.0,364.0,364.0,28.0,28.0,,,,
29,2022-02-21 05:00:00,2022-02-21 05:00:00,13042.287,29.0,29.0,29.0,29.0,29.0,365.0,365.0,29.0,29.0,,,,
30,2022-02-21 06:00:00,2022-02-21 06:00:00,12956.573,30.0,30.0,30.0,30.0,30.0,366.0,366.0,30.0,30.0,,,,
31,2022-02-21 07:00:00,2022-02-21 07:00:00,12951.68,31.0,31.0,31.0,31.0,31.0,367.0,367.0,31.0,31.0,,,,
32,2022-02-21 08:00:00,2022-02-21 08:00:00,13393.155,32.0,32.0,32.0,32.0,32.0,368.0,368.0,32.0,32.0,,,,
33,2022-02-21 09:00:00,2022-02-21 09:00:00,13240.586,33.0,33.0,33.0,33.0,33.0,369.0,369.0,33.0,33.0,,,,
34,2022-02-21 10:00:00,2022-02-21 10:00:00,13411.705,34.0,34.0,34.0,34.0,34.0,370.0,370.0,34.0,34.0,,,,
35,2022-02-21 11:00:00,2022-02-21 11:00:00,13734.813,35.0,35.0,35.0,35.0,35.0,371.0,371.0,35.0,35.0,,,,
36,2022-02-21 12:00:00,2022-02-21 12:00:00,13944.721,36.0,36.0,36.0,36.0,36.0,372.0,372.0,36.0,36.0,,,,
37,2022-02-21 13:00:00,2022-02-21 13:00:00,14650.006,37.0,37.0,37.0,37.0,37.0,373.0,373.0,37.0,37.0,,,,
38,2022-02-21 14:00:00,2022-02-21 14:00:00,14570.278,38.0,38.0,38.0,38.0,38.0,374.0,374.0,38.0,38.0,,,,
39,2022-02-21 15:00:00,2022-02-21 15:00:00,14894.595,39.0,39.0,39.0,39.0,39.0,375.0,375.0,39.0,39.0,,,,
40,2022-02-21 16:00:00,2022-02-21 16:00:00,15037.764,40.0,40.0,40.0,40.0,40.0,376.0,376.0,40.0,40.0,,,,
41,2022-02-21 17:00:00,2022-02-21 17:00:00,14778.552,41.0,41.0,41.0,41.0,41.0,377.0,377.0,41.0,41.0,,,,
42,2022-02-21 18:00:00,2022-02-21 18:00:00,14922.559,42.0,42.0,42.0,42.0,42.0,378.0,378.0,42.0,42.0,,,,
43,2022-02-21 19:00:00,2022-02-21 19:00:00,15207.358,43.0,43.0,43.0,43.0,43.0,379.0,379.0,43.0,43.0,,,,
44,2022-02-21 20:00:00,2022-02-21 20:00:00,15050.002,44.0,44.0,44.0,44.0,44.0,380.0,380.0,44.0,44.0,,,,
45,2022-02-21 21:00:00,2022-02-21 21:00:00,15052.907,45.0,45.0,45.0,45.0,45.0,381.0,381.0,45.0,45.0,,,,
46,2022-02-21 22:00:00,2022-02-21 22:00:00,15133.065,46.0,46.0,46.0,46.0,46.0,382.0,382.0,46.0,46.0,,,,
47,2022-02-21 23:00:00,2022-02-21 23:00:00,14952.158,47.0,47.0,47.0,47.0,47.0,383.0,383.0,47.0,47.0,,,,
48,2022-02-22 00:00:00,2022-02-22 00:00:00,14606.449,48.0,48.0,48.0,48.0,48.0,384.0,384.0,48.0,48.0,,,,
49,2022-02-22 01:00:00,2022-02-22 01:00:00,14545.419,49.0,49.0,49.0,49.0,49.0,385.0,385.0,49.0,49.0,,,,
50,2022-02-22 02:00:00,2022-02-22 02:00:00,14639.268,50.0,50.0,50.0,50.0,50.0,386.0,386.0,50.0,50.0,,,,
51,2022-02-22 03:00:00,2022-02-22 03:00:00,14108.529,51.0,51.0,51.0,51.0,51.0,387.0,387.0,51.0,51.0,,,,
52,2022-02-22 04:00:00,2022-02-22 04:00:00,13906.099,52.0,52.0,52.0,52.0,52.0,388.0,388.0,52.0,52.0,,,,
53,2022-02-22 05:00:00,2022-02-22 05:00:00,13701.511,53.0,53.0,53.0,53.0,53.0,389.0,389.0,53.0,53.0,,,,
54,2022-02-22 06:00:00,2022-02-22 06:00:00,13667.558,54.0,54.0,54.0,54.0,54.0,390.0,390.0,54.0,54.0,,,,
55,2022-02-22 07:00:00,2022-02-22 07:00:00,13645.204,55.0,55.0,55.0,55.0,55.0,391.0,391.0,55.0,55.0,,,,
56,2022-02-22 08:00:00,2022-02-22 08:00:00,13809.023,56.0,56.0,56.0,56.0,56.0,392.0,392.0,56.0,56.0,,,,
57,2022-02-22 09:00:00,2022-02-22 09:00:00,14385.725,57.0,57.0,57.0,57.0,57.0,393.0,393.0,57.0,57.0,,,,
58,2022-02-22 10:00:00,2022-02-22 10:00:00,14569.712,58.0,58.0,58.0,58.0,58.0,394.0,394.0,58.0,58.0,,,,
59,2022-02-22 11:00:00,2022-02-22 11:00:00,14137.403,59.0,59.0,59.0,59.0,59.0,395.0,395.0,59.0,59.0,,,,
60,2022-02-22 12:00:00,2022-02-22 12:00:00,13881.98,60.0,60.0,60.0,60.0,60.0,396.0,396.0,60.0,60.0,,,,
61,2022-02-22 13:00:00,2022-02-22 13:00:00,14209.855,61.0,61.0,61.0,61.0,61.0,397.0,397.0,61.0,61.0,,,,
62,2022-02-22 14:00:00,2022-02-22 14:00:00,14106.979,62.0,62.0,62.0,62.0,62.0,398.0,398.0,62.0,62.0,,,,
63,2022-02-22 15:00:00,2022-02-22 15:00:00,14385.812,63.0,63.0,63.0,63.0,63.0,399.0,399.0,63.0,63.0,,,,
64,2022-02-22 16:00:00,2022-02-22 16:00:00,14089.703,64.0,64.0,64.0,64.0,64.0,400.0,400.0,64.0,64.0,,,,
65,2022-02-22 17:00:00,2022-02-22 17:00:00,14086.572,65.0,65.0,65.0,65.0,65.0,401.0,401.0,65.0,65.0,,,,
66,2022-02-22 18:00:00,2022-02-22 18:00:00,13885.043,66.0,66.0,66.0,66.0,66.0,402.0,402.0,66.0,66.0,,,,
67,2022-02-22 19:00:00,2022-02-22 19:00:00,13964.098,67.0,67.0,67.0,67.0,67.0,403.0,403.0,67.0,67.0,,,,
68,2022-02-22 20:00:00,2022-02-22 20:00:00,14101.304,68.0,68.0,68.0,68.0,68.0,404.0,404.0,68.0,68.0,,,,
69,2022-02-22 21:00:00,2022-02-22 21:00:00,13844.867,69.0,69.0,69.0,69.0,69.0,405.0,405.0,69.0,69.0,,,,
70,2022-02-22 22:00:00,2022-02-22 22:00:00,13721.321,70.0,70.0,70.0,70.0,70.0,406.0,406.0,70.0,70.0,,,,
71,2022-02-22 23:00:00,2022-02-22 23:00:00,13911.741,71.0,71.0,71.0,71.0,71.0,407.0,407.0,71.0,71.0,,,,
72,2022-02-23 00:00:00,2022-02-23 00:00:00,13725.504,72.0,72.0,72.0,72.0,72.0,408.0,408.0,72.0,72.0,,,,
73,2022-02-23 01:00:00,2022-02-23 01:00:00,13625.796,73.0,73.0,73.0,73.0,73.0,409.0,409.0,73.0,73.0,,,,
74,2022-02-23 02:00:00,2022-02-23 02:00:00,13628.736,74.0,74.0,74.0,74.0,74.0,410.0,410.0,74.0,74.0,,,,
75,2022-02-23 03:00:00,2022-02-23 03:00:00,13366.719,75.0,75.0,75.0,75.0,75.0,411.0,411.0,75.0,75.0,,,,
76,2022-02-23 04:00:00,2022-02-23 04:00:00,13428.136,76.0,76.0,76.0,76.0,76.0,412.0,412.0,76.0,76.0,,,,
77,2022-02-23 05:00:00,2022-02-23 05:00:00,13171.567,77.0,77.0,77.0,77.0,77.0,413.0,413.0,77.0,77.0,,,,
78,2022-02-23 06:00:00,2022-02-23 06:00:00,13079.974,78.0,78.0,78.0,78.0,78.0,414.0,414.0,78.0,78.0,,,,
79,2022-02-23 07:00:00,2022-02-23 07:00:00,12901.46,79.0,79.0,79.0,79.0,79.0,415.0,415.0,79.0,79.0,,,,
80,2022-02-23 08:00:00,2022-02-23 08:00:00,12719.066,80.0,80.0,80.0,80.0,80.0,416.0,416.0,80.0,80.0,,,,
81,2022-02-23 09:00:00,2022-02-23 09:00:00,12573.138,81.0,81.0,81.0,81.0,81.0,417.0,417.0,81.0,81.0,,,,
82,2022-02-23 10:00:00,2022-02-23 10:00:00,12409.347,82.0,82.0,82.0,82.0,82.0,418.0,418.0,82.0,82.0,,,,
83,2022-02-23 11:00:00,2022-02-23 11:00:00,12479.047,83.0,83.0,83.0,83.0,83.0,419.0,419.0,83.0,83.0,,,,
84,2022-02-23 12:00:00,2022-02-23 12:00:00,12519.387,84.0,84.0,84.0,84.0,84.0,420.0,420.0,84.0,84.0,,,,
85,2022-02-23 13:00:00,2022-02-23 13:00:00,12901.632,85.0,85.0,85.0,85.0,85.0,421.0,421.0,85.0,85.0,,,,
86,2022-02-23 14:00:00,2022-02-23 14:00:00,12990.84,86.0,86.0,86.0,86.0,86.0,422.0,422.0,86.0,86.0,,,,
87,2022-02-23 15:00:00,2022-02-23 15:00:00,13912.376,87.0,87.0,87.0,87.0,87.0,423.0,423.0,87.0,87.0,,,,
88,2022-02-23 16:00:00,2022-02-23 16:00:00,14081.75,88.0,88.0,88.0,88.0,88.0,424.0,424.0,88.0,88.0,,,,
89,2022-02-23 17:00:00,2022-02-23 17:00:00,14084.617,89.0,89.0,89.0,89.0,89.0,425.0,425.0,89.0,89.0,,,,
90,2022-02-23 18:00:00,2022-02-23 18:00:00,14150.001,90.0,90.0,90.0,90.0,90.0,426.0,426.0,90.0,90.0,,,,
91,2022-02-23 19:00:00,2022-02-23 19:00:00,13987.961,91.0,91.0,91.0,91.0,91.0,427.0,427.0,91.0,91.0,,,,
92,2022-02-23 20:00:00,2022-02-23 20:00:00,13963.499,92.0,92.0,92.0,92.0,92.0,428.0,428.0,92.0,92.0,,,,
93,2022-02-23 21:00:00,2022-02-23 21:00:00,13956.283,93.0,93.0,93.0,93.0,93.0,429.0,429.0,93.0,93.0,,,,
94,2022-02-23 22:00:00,2022-02-23 22:00:00,13827.081,94.0,94.0,94.0,94.0,94.0,430.0,430.0,94.0,94.0,,,,
95,2022-02-23 23:00:00,2022-02-23 23:00:00,14102.435,95.0,95.0,95.0,95.0,95.0,431.0,431.0,95.0,95.0,,,,
96,2022-02-24 00:00:00,2022-02-24 00:00:00,14206.94,96.0,96.0,96.0,96.0,96.0,432.0,432.0,96.0,96.0,,,,
97,2022-02-24 01:00:00,2022-02-24 01:00:00,14784.468,97.0,97.0,97.0,97.0,97.0,433.0,433.0,97.0,97.0,,,,
98,2022-02-24 02:00:00,2022-02-24 02:00:00,14613.58,98.0,98.0,98.0,98.0,98.0,434.0,434.0,98.0,98.0,,,,
99,2022-02-24 03:00:00,2022-02-24 03:00:00,14438.309,99.0,99.0,99.0,99.0,99.0,435.0,435.0,99.0,99.0,,,,
100,2022-02-24 04:00:00,2022-02-24 04:00:00,14290.303,100.0,100.0,100.0,100.0,100.0,436.0,436.0,100.0,100.0,,,,
101,2022-02-24 05:00:00,2022-02-24 05:00:00,13923.314,101.0,101.0,101.0,101.0,101.0,437.0,437.0,101.0,101.0,,,,
102,2022-02-24 06:00:00,2022-02-24 06:00:00,14001.945,102.0,102.0,102.0,102.0,102.0,438.0,438.0,102.0,102.0,,,,
103,2022-02-24 07:00:00,2022-02-24 07:00:00,13702.52,103.0,103.0,103.0,103.0,103.0,439.0,439.0,103.0,103.0,,,,
104,2022-02-24 08:00:00,2022-02-24 08:00:00,13366.152,104.0,104.0,104.0,104.0,104.0,440.0,440.0,104.0,104.0,,,,
105,2022-02-24 09:00:00,2022-02-24 09:00:00,13435.113,105.0,105.0,105.0,105.0,105.0,441.0,441.0,105.0,105.0,,,,
106,2022-02-24 10:00:00,2022-02-24 10:00:00,13509.459,106.0,106.0,106.0,106.0,106.0,442.0,442.0,106.0,106.0,,,,
107,2022-02-24 11:00:00,2022-02-24 11:00:00,13760.302,107.0,107.0,107.0,107.0,107.0,443.0,443.0,107.0,107.0,,,,
108,2022-02-24 12:00:00,2022-02-24 12:00:00,14124.296,108.0,108.0,108.0,108.0,108.0,444.0,444.0,108.0,108.0,,,,
109,2022-02-24 13:00:00,2022-02-24 13:00:00,13704.987,109.0,109.0,109.0,109.0,109.0,445.0,445.0,109.0,109.0,,,,
110,2022-02-24 14:00:00,2022-02-24 14:00:00,13525.33,110.0,110.0,110.0,110.0,110.0,446.0,446.0,110.0,110.0,,,,
111,2022-02-24 15:00:00,2022-02-24 15:00:00,13415.994,111.0,111.0,111.0,111.0,111.0,447.0,447.0,111.0,111.0,,,,
112,2022-02-24 16:00:00,2022-02-24 16:00:00,13665.223,112.0,112.0,112.0,112.0,112.0,448.0,448.0,112.0,112.0,,,,
113,2022-02-24 17:00:00,2022-02-24 17:00:00,13534.239,113.0,113.0,113.0,113.0,113.0,449.0,449.0,113.0,113.0,,,,
114,2022-02-24 18:00:00,2022-02-24 18:00:00,13283.166,114.0,114.0,114.0,114.0,114.0,450.0,450.0,114.0,114.0,,,,
115,2022-02-24 19:00:00,2022-02-24 19:00:00,13164.216,115.0,115.0,115.0,115.0,115.0,451.0,451.0,115.0,115.0,,,,
116,2022-02-24 20:00:00,2022-02-24 20:00:00,13087.933,116.0,116.0,116.0,116.0,116.0,452.0,452.0,116.0,116.0,,,,
117,2022-02-24 21:00:00,2022-02-24 21:00:00,12876.656,117.0,117.0,117.0,117.0,117.0,453.0,453.0,117.0,117.0,,,,
118,2022-02-24 22:00:00,2022-02-24 22:00:00,12649.472,118.0,118.0,118.0,118.0,118.0,454.0,454.0,118.0,118.0,,,,
119,2022-02-24 23:00:00,2022-02-24 23:00:00,12686.536,119.0,119.0,119.0,119.0,119.0,455.0,455.0,119.0,119.0,,,,
120,2022-02-25 00:00:00,2022-02-25 00:00:00,12112.327,120.0,120.0,120.0,120.0,120.0,456.0,456.0,120.0,120.0,,,,
121,2022-02-25 01:00:00,2022-02-25 01:00:00,12164.747,121.0,121.0,121.0,121.0,121.0,457.0,457.0,121.0,121.0,,,,
122,2022-02-25 02:00:00,2022-02-25 02:00:00,12051.515,122.0,122.0,122.0,122.0,122.0,458.0,458.0,122.0,122.0,,,,
123,2022-02-25 03:00:00,2022-02-25 03:00:00,11948.812,123.0,123.0,123.0,123.0,123.0,459.0,459.0,123.0,123.0,,,,
124,2022-02-25 04:00:00,2022-02-25 04:00:00,11781.198,124.0,124.0,124.0,124.0,124.0,460.0,460.0,124.0,124.0,,,,
125,2022-02-25 05:00:00,2022-02-25 05:00:00,11812.479,125.0,125.0,125.0,125.0,125.0,461.0,461.0,125.0,125.0,,,,
126,2022-02-25 06:00:00,2022-02-25 06:00:00,12208.443,126.0,126.0,126.0,126.0,126.0,462.0,462.0,126.0,126.0,,,,
127,2022-02-25 07:00:00,2022-02-25 07:00:00,12112.5,127.0,127.0,127.0,127.0,127.0,463.0,463.0,127.0,127.0,,,,
128,2022-02-25 08:00:00,2022-02-25 08:00:00,12111.271,128.0,128.0,128.0,128.0,128.0,464.0,464.0,128.0,128.0,,,,
129,2022-02-25 09:00:00,2022-02-25 09:00:00,12284.119,129.0,129.0,129.0,129.0,129.0,465.0,465.0,129.0,129.0,,,,
130,2022-02-25 10:00:00,2022-02-25 10:00:00,12361.465,130.0,130.0,130.0,130.0,130.0,466.0,466.0,130.0,130.0,,,,
131,2022-02-25 11:00:00,2022-02-25 11:00:00,12168.583,131.0,131.0,131.0,131.0,131.0,467.0,467.0,131.0,131.0,,,,
132,2022-02-25 12:00:00,2022-02-25 12:00:00,12247.64,132.0,132.0,132.0,132.0,132.0,468.0,468.0,132.0,132.0,,,,
133,2022-02-25 13:00:00,2022-02-25 13:00:00,12334.141,133.0,133.0,133.0,133.0,133.0,469.0,469.0,133.0,133.0,,,,
134,2022-02-25 14:00:00,2022-02-25 14:00:00,12396.437,134.0,134.0,134.0,134.0,134.0,470.0,470.0,134.0,134.0,,,,
135,2022-02-25 15:00:00,2022-02-25 15:00:00,12589.842,135.0,135.0,135.0,135.0,135.0,471.0,471.0,135.0,135.0,,,,
136,2022-02-25 16:00:00,2022-02-25 16:00:00,12405.16,136.0,136.0,136.0,136.0,136.0,472.0,472.0,136.0,136.0,,,,
137,2022-02-25 17:00:00,2022-02-25 17:00:00,12272.678,137.0,137.0,137.0,137.0,137.0,473.0,473.0,137.0,137.0,,,,
138,2022-02-25 18:00:00,2022-02-25 18:00:00,12439.144,138.0,138.0,138.0,138.0,138.0,474.0,474.0,138.0,138.0,,,,
139,2022-02-25 19:00:00,2022-02-25 19:00:00,12473.501,139.0,139.0,139.0,139.0,139.0,475.0,475.0,139.0,139.0,,,,
140,2022-02-25 20:00:00,2022-02-25 20:00:00,12439.801,140.0,140.0,140.0,140.0,140.0,476.0,476.0,140.0,140.0,,,,
141,2022-02-25 21:00:00,2022-02-25 21:00:00,11475.456,141.0,141.0,141.0,141.0,141.0,477.0,477.0,141.0,141.0,,,,
142,2022-02-25 22:00:00,2022-02-25 22:00:00,11336.804,142.0,142.0,142.0,142.0,142.0,478.0,478.0,142.0,142.0,,,,
143,2022-02-25 23:00:00,2022-02-25 23:00:00,11261.133,143.0,143.0,143.0,143.0,143.0,479.0,479.0,143.0,143.0,,,,
144,2022-02-26 00:00:00,2022-02-26 00:00:00,11291.246,144.0,144.0,144.0,144.0,144.0,480.0,480.0,144.0,144.0,,,,
145,2022-02-26 01:00:00,2022-02-26 01:00:00,11453.018,145.0,145.0,145.0,145.0,145.0,481.0,481.0,145.0,145.0,,,,
146,2022-02-26 02:00:00,2022-02-26 02:00:00,11278.965,146.0,146.0,146.0,146.0,146.0,482.0,482.0,146.0,146.0,,,,
147,2022-02-26 03:00:00,2022-02-26 03:00:00,11278.769,147.0,147.0,147.0,147.0,147.0,483.0,483.0,147.0,147.0,,,,
148,2022-02-26 04:00:00,2022-02-26 04:00:00,11278.769,148.0,148.0,148.0,148.0,148.0,484.0,484.0,148.0,148.0,,,,
149,2022-02-26 05:00:00,2022-02-26 05:00:00,11329.462,149.0,149.0,149.0,149.0,149.0,485.0,485.0,149.0,149.0,,,,
150,2022-02-26 06:00:00,2022-02-26 06:00:00,11476.847,150.0,150.0,150.0,150.0,150.0,486.0,486.0,150.0,150.0,,,,
151,2022-02-26 07:00:00,2022-02-26 07:00:00,11468.849,151.0,151.0,151.0,151.0,151.0,487.0,487.0,151.0,151.0,,,,
152,2022-02-26 08:00:00,2022-02-26 08:00:00,11660.849,152.0,152.0,152.0,152.0,152.0,488.0,488.0,152.0,152.0,,,,
153,2022-02-26 09:00:00,2022-02-26 09:00:00,11819.682,153.0,153.0,153.0,153.0,153.0,489.0,489.0,153.0,153.0,,,,
154,2022-02-26 10:00:00,2022-02-26 10:00:00,11565.035,154.0,154.0,154.0,154.0,154.0,490.0,490.0,154.0,154.0,,,,
155,2022-02-26 11:00:00,2022-02-26 11:00:00,11324.853,155.0,155.0,155.0,155.0,155.0,491.0,491.0,155.0,155.0,,,,
156,2022-02-26 12:00:00,2022-02-26 12:00:00,11324.853,156.0,156.0,156.0,156.0,156.0,492.0,492.0,156.0,156.0,,,,
157,2022-02-26 13:00:00,2022-02-26 13:00:00,11341.323,157.0,157.0,157.0,157.0,157.0,493.0,493.0,157.0,157.0,,,,
158,2022-02-26 14:00:00,2022-02-26 14:00:00,11522.206,158.0,158.0,158.0,158.0,158.0,494.0,494.0,158.0,158.0,,,,
159,2022-02-26 15:00:00,2022-02-26 15:00:00,11713.545,159.0,159.0,159.0,159.0,159.0,495.0,495.0,159.0,159.0,,,,
160,2022-02-26 16:00:00,2022-02-26 16:00:00,11863.699,160.0,160.0,160.0,160.0,160.0,496.0,496.0,160.0,160.0,,,,
161,2022-02-26 17:00:00,2022-02-26 17:00:00,11563.32,161.0,161.0,161.0,161.0,161.0,497.0,497.0,161.0,161.0,,,,
162,2022-02-26 18:00:00,2022-02-26 18:00:00,12055.74,162.0,162.0,162.0,162.0,162.0,498.0,498.0,162.0,162.0,,,,
163,2022-02-26 19:00:00,2022-02-26 19:00:00,12960.763,163.0,163.0,163.0,163.0,163.0,499.0,499.0,163.0,163.0,,,,
164,2022-02-26 20:00:00,2022-02-26 20:00:00,12646.385,164.0,164.0,164.0,164.0,164.0,500.0,500.0,164.0,164.0,,,,
165,2022-02-26 21:00:00,2022-02-26 21:00:00,12303.278,165.0,165.0,165.0,165.0,165.0,501.0,501.0,165.0,165.0,,,,
166,2022-02-26 22:00:00,2022-02-26 22:00:00,12276.358,166.0,166.0,166.0,166.0,166.0,502.0,502.0,166.0,166.0,,,,
167,2022-02-26 23:00:00,2022-02-26 23:00:00,12125.395,167.0,167.0,167.0,167.0,167.0,503.0,503.0,167.0,167.0,,,,
168,2022-02-27 00:00:00,2022-02-27 00:00:00,11976.454,168.0,168.0,168.0,168.0,0.0,,,,,,,,
169,2022-02-27 01:00:00,2022-02-27 01:00:00,11940.271,169.0,169.0,169.0,169.0,1.0,,,,,,,,
170,2022-02-27 02:00:00,2022-02-27 02:00:00,11870.685,170.0,170.0,170.0,170.0,2.0,,,,,,,,
171,2022-02-27 03:00:00,2022-02-27 03:00:00,11505.761,171.0,171.0,171.0,171.0,3.0,,,,,,,,
172,2022-02-27 04:00:00,2022-02-27 04:00:00,11536.941,172.0,172.0,172.0,172.0,4.0,,,,,,,,
173,2022-02-27 05:00:00,2022-02-27 05:00:00,11958.762,173.0,173.0,173.0,173.0,5.0,,,,,,,,
174,2022-02-27 06:00:00,2022-02-27 06:00:00,11929.347,174.0,174.0,174.0,174.0,6.0,,,,,,,,
175,2022-02-27 07:00:00,2022-02-27 07:00:00,11862.418,175.0,175.0,175.0,175.0,7.0,,,,,,,,
176,2022-02-27 08:00:00,2022-02-27 08:00:00,11814.662,176.0,176.0,176.0,176.0,8.0,,,,,,,,
177,2022-02-27 09:00:00,2022-02-27 09:00:00,11726.853,177.0,177.0,177.0,177.0,9.0,,,,,,,,
178,2022-02-27 10:00:00,2022-02-27 10:00:00,11722.497,178.0,178.0,178.0,178.0,10.0,,,,,,,,
179,2022-02-27 11:00:00,2022-02-27 11:00:00,11704.302,179.0,179.0,179.0,179.0,11.0,,,,,,,,
180,2022-02-27 12:00:00,2022-02-27 12:00:00,11675.266,180.0,180.0,180.0,180.0,12.0,,,,,,,,
181,2022-02-27 13:00:00,2022-02-27 13:00:00,11684.522,181.0,181.0,181.0,181.0,13.0,,,,,,,,
182,2022-02-27 14:00:00,2022-02-27 14:00:00,11577.937,182.0,182.0,182.0,182.0,14.0,,,,,,,,
183,2022-02-27 15:00:00,2022-02-27 15:00:00,11665.917,183.0,183.0,183.0,183.0,15.0,,,,,,,,
184,2022-02-27 16:00:00,2022-02-27 16:00:00,12635.653,184.0,184.0,184.0,184.0,16.0,,,,,,,,
185,2022-02-27 17:00:00,2022-02-27 17:00:00,12584.599,185.0,185.0,185.0,185.0,17.0,,,,,,,,
186,2022-02-27 18:00:00,2022-02-27 18:00:00,12611.405,186.0,186.0,186.0,186.0,18.0,,,,,,,,
187,2022-02-27 19:00:00,2022-02-27 19:00:00,12595.668,187.0,187.0,187.0,187.0,19.0,,,,,,,,
188,2022-02-27 20:00:00,2022-02-27 20:00:00,12571.923,188.0,188.0,188.0,188.0,20.0,,,,,,,,
189,2022-02-27 21:00:00,2022-02-27 21:00:00,12660.11,189.0,189.0,189.0,189.0,21.0,,,,,,,,
190,2022-02-27 22:00:00,2022-02-27 22:00:00,12474.177,190.0,190.0,190.0,190.0,22.0,,,,,,,,
191,2022-02-27 23:00:00,2022-02-27 23:00:00,12384.797,191.0,191.0,191.0,191.0,23.0,,,,,,,,
192,2022-02-28 00:00:00,2022-02-28 00:00:00,12226.666,192.0,0.0,,,,,,,,,,,
193,2022-02-28 01:00:00,2022-02-28 01:00:00,12222.08,193.0,2.0,,,,,,,,,,,
194,2022-02-28 02:00:00,2022-02-28 02:00:00,12191.023,194.0,4.0,,,,,,,,,,,
195,2022-02-28 03:00:00,2022-02-28 03:00:00,11921.375,195.0,6.0,,,,,,,,,,,
196,2022-02-28 04:00:00,2022-02-28 04:00:00,12567.752,196.0,8.0,,,,,,,,,,,
197,2022-02-28 05:00:00,2022-02-28 05:00:00,12990.744,197.0,10.0,,,,,,,,,,,
198,2022-02-28 06:00:00,2022-02-28 06:00:00,13038.908,198.0,12.0,,,,,,,,,,,
199,2022-02-28 07:00:00,2022-02-28 07:00:00,13321.853,199.0,14.0,,,,,,,,,,,
200,2022-02-28 08:00:00,2022-02-28 08:00:00,13325.361,200.0,16.0,,,,,,,,,,,
201,2022-02-28 09:00:00,2022-02-28 09:00:00,13559.994,201.0,18.0,,,,,,,,,,,
202,2022-02-28 10:00:00,2022-02-28 10:00:00,13828.847,202.0,20.0,,,,,,,,,,,
203,2022-02-28 11:00:00,2022-02-28 11:00:00,13755.197,203.0,22.0,,,,,,,,,,,
204,2022-02-28 12:00:00,2022-02-28 12:00:00,13486.241,204.0,24.0,,,,,,,,,,,
205,2022-02-28 13:00:00,2022-02-28 13:00:00,13604.072,205.0,26.0,,,,,,,,,,,
206,2022-02-28 14:00:00,2022-02-28 14:00:00,13704.834,206.0,28.0,,,,,,,,,,,
207,2022-02-28 15:00:00,2022-02-28 15:00:00,13858.175,207.0,30.0,,,,,,,,,,,
208,2022-02-28 16:00:00,2022-02-28 16:00:00,14169.737,208.0,32.0,,,,,,,,,,,
209,2022-02-28 17:00:00,2022-02-28 17:00:00,14085.78,209.0,34.0,,,,,,,,,,,
210,2022-02-28 18:00:00,2022-02-28 18:00:00,14010.933,210.0,36.0,,,,,,,,,,,
211,2022-02-28 19:00:00,2022-02-28 19:00:00,13633.418,211.0,38.0,,,,,,,,,,,
212,2022-02-28 20:00:00,2022-02-28 20:00:00,13553.033,212.0,40.0,,,,,,,,,,,
213,2022-02-28 21:00:00,2022-02-28 21:00:00,13938.964,213.0,42.0,,,,,,,,,,,
214,2022-02-28 22:00:00,2022-02-28 22:00:00,14095.762,214.0,44.0,,,,,,,,,,,
215,2022-02-28 23:00:00,2022-02-28 23:00:00,14063.643,215.0,46.0,,,,,,,,,,,
216,2022-03-01 00:00:00,2022-03-01 00:00:00,13935.631,0.0,,,,,,,,,,,,
217,2022-03-01 01:00:00,2022-03-01 01:00:00,13956.901,2.0,,,,,,,,,,,,
218,2022-03-01 02:00:00,2022-03-01 02:00:00,13997.734,4.0,,,,,,,,,,,,
219,2022-03-01 03:00:00,2022-03-01 03:00:00,14427.854,6.0,,,,,,,,,,,,
220,2022-03-01 04:00:00,2022-03-01 04:00:00,14614.639,8.0,,,,,,,,,,,,
221,2022-03-01 05:00:00,2022-03-01 05:00:00,15195.235,10.0,,,,,,,,,,,,
222,2022-03-01 06:00:00,2022-03-01 06:00:00,15376.7,12.0,,,,,,,,,,,,
223,2022-03-01 07:00:00,2022-03-01 07:00:00,14267.819,14.0,,,,,,,,,,,,
224,2022-03-01 08:00:00,2022-03-01 08:00:00,14308.559,16.0,,,,,,,,,,,,
225,2022-03-01 09:00:00,2022-03-01 09:00:00,14524.343,18.0,,,,,,,,,,,,
226,2022-03-01 10:00:00,2022-03-01 10:00:00,14234.334,20.0,,,,,,,,,,,,
227,2022-03-01 11:00:00,2022-03-01 11:00:00,14811.075,22.0,,,,,,,,,,,,
228,2022-03-01 12:00:00,2022-03-01 12:00:00,15213.423,24.0,,,,,,,,,,,,
229,2022-03-01 13:00:00,2022-03-01 13:00:00,15247.571,26.0,,,,,,,,,,,,
230,2022-03-01 14:00:00,2022-03-01 14:00:00,15067.068,28.0,,,,,,,,,,,,
231,2022-03-01 15:00:00,2022-03-01 15:00:00,14593.204,30.0,,,,,,,,,,,,
232,2022-03-01 16:00:00,2022-03-01 16:00:00,14429.946,32.0,,,,,,,,,,,,
233,2022-03-01 17:00:00,2022-03-01 17:00:00,14343.4,34.0,,,,,,,,,,,,
234,2022-03-01 18:00:00,2022-03-01 18:00:00,14393.654,36.0,,,,,,,,,,,,
235,2022-03-01 19:00:00,2022-03-01 19:00:00,14510.601,38.0,,,,,,,,,,,,
236,2022-03-01 20:00:00,2022-03-01 20:00:00,14540.699,40.0,,,,,,,,,,,,
237,2022-03-01 21:00:00,2022-03-01 21:00:00,14455.768,42.0,,,,,,,,,,,,
238,2022-03-01 22:00:00,2022-03-01 22:00:00,14405.218,44.0,,,,,,,,,,,,
239,2022-03-01 23:00:00,2022-03-01 23:00:00,15129.455,46.0,,,,,,,,,,,,
0,2022-03-02 00:00:00,2022-03-02 00:00:00,15142.208,,,,,,,,,,,,,
1,2022-03-02 01:00:00,2022-03-02 01:00:00,15061.782,,,,,,,,,,,,,
2,2022-03-02 02:00:00,2022-03-02 02:00:00,15011.049,,,,,,,,,,,,,
3,2022-03-02 03:00:00,2022-03-02 03:00:00,14863.327,,,,,,,,,,,,,
4,2022-03-02 04:00:00,2022-03-02 04:00:00,13881.793,,,,,,,,,,,,,
5,2022-03-02 05:00:00,2022-03-02 05:00:00,13261.071,,,,,,,,,,,,,
6,2022-03-02 06:00:00,2022-03-02 06:00:00,13409.715,,,,,,,,,,,,,
7,2022-03-02 07:00:00,2022-03-02 07:00:00,13474.271,,,,,,,,,,,,,
8,2022-03-02 08:00:00,2022-03-02 08:00:00,14098.165,,,,,,,,,,,,,
9,2022-03-02 09:00:00,2022-03-02 09:00:00,14190.512,,,,,,,,,,,,,
10,2022-03-02 10:00:00,2022-03-02 10:00:00,14194.103,,,,,,,,,,,,,
11,2022-03-02 11:00:00,2022-03-02 11:00:00,14164.995,,,,,,,,,,,,,
12,2022-03-02 12:00:00,2022-03-02 12:00:00,14568.807,,,,,,,,,,,,,
13,2022-03-02 13:00:00,2022-03-02 13:00:00,14985.206,,,,,,,,,,,,,
14,2022-03-02 14:00:00,2022-03-02 14:00:00,15221.671,,,,,,,,,,,,,
15,2022-03-02 15:00:00,2022-03-02 15:00:00,15051.664,,,,,,,,,,,,,
16,2022-03-02 16:00:00,2022-03-02 16:00:00,14608.633,,,,,,,,,,,,,
17,2022-03-02 17:00:00,2022-03-02 17:00:00,14357.47,,,,,,,,,,,,,
18,2022-03-02 18:00:00,2022-03-02 18:00:00,14273.193,,,,,,,,,,,,,
19,2022-03-02 19:00:00,2022-03-02 19:00:00,14238.459,,,,,,,,,,,,,
20,2022-03-02 20:00:00,2022-03-02 20:00:00,14251.913,,,,,,,,,,,,,
21,2022-03-02 21:00:00,2022-03-02 21:00:00,14318.453,,,,,,,,,,,,,
22,2022-03-02 22:00:00,2022-03-02 22:00:00,14331.418,,,,,,,,,,,,,
23,2022-03-02 23:00:00,2022-03-02 23:00:00,14214.083,,,,,,,,,,,,,
24,2022-03-03 00:00:00,2022-03-03 00:00:00,14282.497,,,,,,,,,,,,,
25,2022-03-03 01:00:00,2022-03-03 01:00:00,14218.55,,,,,,,,,,,,,
26,2022-03-03 02:00:00,2022-03-03 02:00:00,14095.083,,,,,,,,,,,,,
27,2022-03-03 03:00:00,2022-03-03 03:00:00,13368.78,,,,,,,,,,,,,
28,2022-03-03 04:00:00,2022-03-03 04:00:00,13092.531,,,,,,,,,,,,,
29,2022-03-03 05:00:00,2022-03-03 05:00:00,12929.434,,,,,,,,,,,,,
30,2022-03-03 06:00:00,2022-03-03 06:00:00,13321.743,,,,,,,,,,,,,
31,2022-03-03 07:00:00,2022-03-03 07:00:00,13570.919,,,,,,,,,,,,,
32,2022-03-03 08:00:00,2022-03-03 08:00:00,13438.659,,,,,,,,,,,,,
33,2022-03-03 09:00:00,2022-03-03 09:00:00,13482.982,,,,,,,,,,,,,
34,2022-03-03 10:00:00,2022-03-03 10:00:00,13656.117,,,,,,,,,,,,,
35,2022-03-03 11:00:00,2022-03-03 11:00:00,13620.039,,,,,,,,,,,,,
36,2022-03-03 12:00:00,2022-03-03 12:00:00,13791.677,,,,,,,,,,,,,
37,2022-03-03 13:00:00,2022-03-03 13:00:00,14067.653,,,,,,,,,,,,,
38,2022-03-03 14:00:00,2022-03-03 14:00:00,14183.301,,,,,,,,,,,,,
39,2022-03-03 15:00:00,2022-03-03 15:00:00,14381.577,,,,,,,,,,,,,
40,2022-03-03 16:00:00,2022-03-03 16:00:00,14318.049,,,,,,,,,,,,,
41,2022-03-03 17:00:00,2022-03-03 17:00:00,14147.399,,,,,,,,,,,,,
42,2022-03-03 18:00:00,2022-03-03 18:00:00,14165.364,,,,,,,,,,,,,
43,2022-03-03 19:00:00,2022-03-03 19:00:00,14177.54,,,,,,,,,,,,,
44,2022-03-03 20:00:00,2022-03-03 20:00:00,14124.684,,,,,,,,,,,,,
45,2022-03-03 21:00:00,2022-03-03 21:00:00,13963.146,,,,,,,,,,,,,
46,2022-03-03 22:00:00,2022-03-03 22:00:00,13600.235,,,,,,,,,,,,,
47,2022-03-03 23:00:00,2022-03-03 23:00:00,13454.273,,,,,,,,,,,,,
48,2022-03-04 00:00:00,2022-03-04 00:00:00,13109.282,,,,,,,,,,,,,
49,2022-03-04 01:00:00,2022-03-04 01:00:00,12848.689,,,,,,,,,,,,,
50,2022-03-04 02:00:00,2022-03-04 02:00:00,12858.157,,,,,,,,,,,,,
51,2022-03-04 03:00:00,2022-03-04 03:00:00,12492.148,,,,,,,,,,,,,
52,2022-03-04 04:00:00,2022-03-04 04:00:00,12519.153,,,,,,,,,,,,,
53,2022-03-04 05:00:00,2022-03-04 05:00:00,12341.132,,,,,,,,,,,,,
54,2022-03-04 06:00:00,2022-03-04 06:00:00,12594.6,,,,,,,,,,,,,
55,2022-03-04 07:00:00,2022-03-04 07:00:00,13017.718,,,,,,,,,,,,,
56,2022-03-04 08:00:00,2022-03-04 08:00:00,13088.298,,,,,,,,,,,,,
57,2022-03-04 09:00:00,2022-03-04 09:00:00,13249.84,,,,,,,,,,,,,
58,2022-03-04 10:00:00,2022-03-04 10:00:00,13355.547,,,,,,,,,,,,,
59,2022-03-04 11:00:00,2022-03-04 11:00:00,13257.303,,,,,,,,,,,,,
60,2022-03-04 12:00:00,2022-03-04 12:00:00,12921.083,,,,,,,,,,,,,
61,2022-03-04 13:00:00,2022-03-04 13:00:00,12607.155,,,,,,,,,,,,,
62,2022-03-04 14:00:00,2022-03-04 14:00:00,12732.366,,,,,,,,,,,,,
63,2022-03-04 15:00:00,2022-03-04 15:00:00,12973.354,,,,,,,,,,,,,
64,2022-03-04 16:00:00,2022-03-04 16:00:00,12897.241,,,,,,,,,,,,,
65,2022-03-04 17:00:00,2022-03-04 17:00:00,12848.07,,,,,,,,,,,,,
66,2022-03-04 18:00:00,2022-03-04 18:00:00,12885.32,,,,,,,,,,,,,
67,2022-03-04 19:00:00,2022-03-04 19:00:00,12911.896,,,,,,,,,,,,,
68,2022-03-04 20:00:00,2022-03-04 20:00:00,12864.664,,,,,,,,,,,,,
69,2022-03-04 21:00:00,2022-03-04 21:00:00,13027.302,,,,,,,,,,,,,
70,2022-03-04 22:00:00,2022-03-04 22:00:00,13348.3,,,,,,,,,,,,,
71,2022-03-04 23:00:00,2022-03-04 23:00:00,13445.732,,,,,,,,,,,,,
72,2022-03-05 00:00:00,2022-03-05 00:00:00,13309.053,,,,,,,,,,,,,
73,2022-03-05 01:00:00,2022-03-05 01:00:00,13353.19,,,,,,,,,,,,,
74,2022-03-05 02:00:00,2022-03-05 02:00:00,13244.62,,,,,,,,,,,,,
75,2022-03-05 03:00:00,2022-03-05 03:00:00,13261.739,,,,,,,,,,,,,
76,2022-03-05 04:00:00,2022-03-05 04:00:00,13264.381,,,,,,,,,,,,,
77,2022-03-05 05:00:00,2022-03-05 05:00:00,13221.418,,,,,,,,,,,,,
78,2022-03-05 06:00:00,2022-03-05 06:00:00,13179.859,,,,,,,,,,,,,
79,2022-03-05 07:00:00,2022-03-05 07:00:00,13149.43,,,,,,,,,,,,,
80,2022-03-05 08:00:00,2022-03-05 08:00:00,13152.575,,,,,,,,,,,,,
81,2022-03-05 09:00:00,2022-03-05 09:00:00,13166.273,,,,,,,,,,,,,
82,2022-03-05 10:00:00,2022-03-05 10:00:00,13138.253,,,,,,,,,,,,,
83,2022-03-05 11:00:00,2022-03-05 11:00:00,12977.414,,,,,,,,,,,,,
84,2022-03-05 12:00:00,2022-03-05 12:00:00,12752.431,,,,,,,,,,,,,
85,2022-03-05 13:00:00,2022-03-05 13:00:00,12732.738,,,,,,,,,,,,,
86,2022-03-05 14:00:00,2022-03-05 14:00:00,12848.578,,,,,,,,,,,,,
87,2022-03-05 15:00:00,2022-03-05 15:00:00,13032.864,,,,,,,,,,,,,
88,2022-03-05 16:00:00,2022-03-05 16:00:00,13151.162,,,,,,,,,,,,,
89,2022-03-05 17:00:00,2022-03-05 17:00:00,12973.006,,,,,,,,,,,,,
90,2022-03-05 18:00:00,2022-03-05 18:00:00,13047.134,,,,,,,,,,,,,
91,2022-03-05 19:00:00,2022-03-05 19:00:00,13094.805,,,,,,,,,,,,,
92,2022-03-05 20:00:00,2022-03-05 20:00:00,13208.494,,,,,,,,,,,,,
93,2022-03-05 21:00:00,2022-03-05 21:00:00,13140.483,,,,,,,,,,,,,
94,2022-03-05 22:00:00,2022-03-05 22:00:00,12944.73,,,,,,,,,,,,,
95,2022-03-05 23:00:00,2022-03-05 23:00:00,12988.313,,,,,,,,,,,,,
96,2022-03-06 00:00:00,2022-03-06 00:00:00,13185.445,,,,,,,,,,,,,
97,2022-03-06 01:00:00,2022-03-06 01:00:00,13384.298,,,,,,,,,,,,,
98,2022-03-06 02:00:00,2022-03-06 02:00:00,13615.519,,,,,,,,,,,,,
99,2022-03-06 03:00:00,2022-03-06 03:00:00,13720.656,,,,,,,,,,,,,
100,2022-03-06 04:00:00,2022-03-06 04:00:00,13235.464,,,,,,,,,,,,,
101,2022-03-06 05:00:00,2022-03-06 05:00:00,13353.358,,,,,,,,,,,,,
102,2022-03-06 06:00:00,2022-03-06 06:00:00,13810.181,,,,,,,,,,,,,
103,2022-03-06 07:00:00,2022-03-06 07:00:00,13359.147,,,,,,,,,,,,,
104,2022-03-06 08:00:00,2022-03-06 08:00:00,13588.21,,,,,,,,,,,,,
105,2022-03-06 09:00:00,2022-03-06 09:00:00,13492.189,,,,,,,,,,,,,
106,2022-03-06 10:00:00,2022-03-06 10:00:00,13653.28,,,,,,,,,,,,,
107,2022-03-06 11:00:00,2022-03-06 11:00:00,13716.171,,,,,,,,,,,,,
108,2022-03-06 12:00:00,2022-03-06 12:00:00,13586.951,,,,,,,,,,,,,
109,2022-03-06 13:00:00,2022-03-06 13:00:00,13450.663,,,,,,,,,,,,,
110,2022-03-06 14:00:00,2022-03-06 14:00:00,13561.867,,,,,,,,,,,,,
111,2022-03-06 15:00:00,2022-03-06 15:00:00,13523.327,,,,,,,,,,,,,
112,2022-03-06 16:00:00,2022-03-06 16:00:00,13402.669,,,,,,,,,,,,,
113,2022-03-06 17:00:00,2022-03-06 17:00:00,13420.98,,,,,,,,,,,,,
114,2022-03-06 18:00:00,2022-03-06 18:00:00,13386.762,,,,,,,,,,,,,
115,2022-03-06 19:00:00,2022-03-06 19:00:00,13355.226,,,,,,,,,,,,,
116,2022-03-06 20:00:00,2022-03-06 20:00:00,13380.674,,,,,,,,,,,,,
117,2022-03-06 21:00:00,2022-03-06 21:00:00,13308.719,,,,,,,,,,,,,
118,2022-03-06 22:00:00,2022-03-06 22:00:00,13397.519,,,,,,,,,,,,,
119,2022-03-06 23:00:00,2022-03-06 23:00:00,13503.635,,,,,,,,,,,,,
120,2022-03-07 00:00:00,2022-03-07 00:00:00,12912.239,,,,,,,,,,,,,
121,2022-03-07 01:00:00,2022-03-07 01:00:00,12669.063,,,,,,,,,,,,,
122,2022-03-07 02:00:00,2022-03-07 02:00:00,12477.559,,,,,,,,,,,,,
123,2022-03-07 03:00:00,2022-03-07 03:00:00,12445.936,,,,,,,,,,,,,
124,2022-03-07 04:00:00,2022-03-07 04:00:00,12496.463,,,,,,,,,,,,,
125,2022-03-07 05:00:00,2022-03-07 05:00:00,12959.231,,,,,,,,,,,,,
126,2022-03-07 06:00:00,2022-03-07 06:00:00,13106.587,,,,,,,,,,,,,
127,2022-03-07 07:00:00,2022-03-07 07:00:00,13189.907,,,,,,,,,,,,,
128,2022-03-07 08:00:00,2022-03-07 08:00:00,13549.167,,,,,,,,,,,,,
129,2022-03-07 09:00:00,2022-03-07 09:00:00,13383.036,,,,,,,,,,,,,
130,2022-03-07 10:00:00,2022-03-07 10:00:00,13286.366,,,,,,,,,,,,,
131,2022-03-07 11:00:00,2022-03-07 11:00:00,13299.603,,,,,,,,,,,,,
132,2022-03-07 12:00:00,2022-03-07 12:00:00,13691.923,,,,,,,,,,,,,
133,2022-03-07 13:00:00,2022-03-07 13:00:00,14371.659,,,,,,,,,,,,,
134,2022-03-07 14:00:00,2022-03-07 14:00:00,14040.306,,,,,,,,,,,,,
135,2022-03-07 15:00:00,2022-03-07 15:00:00,14701.787,,,,,,,,,,,,,
136,2022-03-07 16:00:00,2022-03-07 16:00:00,15091.648,,,,,,,,,,,,,
137,2022-03-07 17:00:00,2022-03-07 17:00:00,15385.053,,,,,,,,,,,,,
138,2022-03-07 18:00:00,2022-03-07 18:00:00,15476.208,,,,,,,,,,,,,
139,2022-03-07 19:00:00,2022-03-07 19:00:00,15382.336,,,,,,,,,,,,,
140,2022-03-07 20:00:00,2022-03-07 20:00:00,15917.302,,,,,,,,,,,,,
141,2022-03-07 21:00:00,2022-03-07 21:00:00,15826.38,,,,,,,,,,,,,
142,2022-03-07 22:00:00,2022-03-07 22:00:00,15590.175,,,,,,,,,,,,,
143,2022-03-07 23:00:00,2022-03-07 23:00:00,15703.082,,,,,,,,,,,,,
144,2022-03-08 00:00:00,2022-03-08 00:00:00,16024.716,,,,,,,,,,,,,
145,2022-03-08 01:00:00,2022-03-08 01:00:00,15585.418,,,,,,,,,,,,,
146,2022-03-08 02:00:00,2022-03-08 02:00:00,15303.057,,,,,,,,,,,,,
147,2022-03-08 03:00:00,2022-03-08 03:00:00,15272.424,,,,,,,,,,,,,
148,2022-03-08 04:00:00,2022-03-08 04:00:00,15230.58,,,,,,,,,,,,,
149,2022-03-08 05:00:00,2022-03-08 05:00:00,15170.409,,,,,,,,,,,,,
150,2022-03-08 06:00:00,2022-03-08 06:00:00,14961.731,,,,,,,,,,,,,
151,2022-03-08 07:00:00,2022-03-08 07:00:00,14900.197,,,,,,,,,,,,,
152,2022-03-08 08:00:00,2022-03-08 08:00:00,15122.466,,,,,,,,,,,,,
153,2022-03-08 09:00:00,2022-03-08 09:00:00,15311.738,,,,,,,,,,,,,
154,2022-03-08 10:00:00,2022-03-08 10:00:00,15840.095,,,,,,,,,,,,,
155,2022-03-08 11:00:00,2022-03-08 11:00:00,15994.708,,,,,,,,,,,,,
156,2022-03-08 12:00:00,2022-03-08 12:00:00,15352.894,,,,,,,,,,,,,
157,2022-03-08 13:00:00,2022-03-08 13:00:00,15331.59,,,,,,,,,,,,,
158,2022-03-08 14:00:00,2022-03-08 14:00:00,15581.073,,,,,,,,,,,,,
159,2022-03-08 15:00:00,2022-03-08 15:00:00,15684.709,,,,,,,,,,,,,
160,2022-03-08 16:00:00,2022-03-08 16:00:00,15705.069,,,,,,,,,,,,,
161,2022-03-08 17:00:00,2022-03-08 17:00:00,15518.502,,,,,,,,,,,,,
162,2022-03-08 18:00:00,2022-03-08 18:00:00,15409.782,,,,,,,,,,,,,
163,2022-03-08 19:00:00,2022-03-08 19:00:00,15000.444,,,,,,,,,,,,,
164,2022-03-08 20:00:00,2022-03-08 20:00:00,14929.899,,,,,,,,,,,,,
165,2022-03-08 21:00:00,2022-03-08 21:00:00,15457.376,,,,,,,,,,,,,
166,2022-03-08 22:00:00,2022-03-08 22:00:00,15233.311,,,,,,,,,,,,,
167,2022-03-08 23:00:00,2022-03-08 23:00:00,15331.656,,,,,,,,,,,,,
168,2022-03-09 00:00:00,2022-03-09 00:00:00,15315.198,,,,,,,,,,,,,
169,2022-03-09 01:00:00,2022-03-09 01:00:00,15624.687,,,,,,,,,,,,,
170,2022-03-09 02:00:00,2022-03-09 02:00:00,15679.937,,,,,,,,,,,,,
171,2022-03-09 03:00:00,2022-03-09 03:00:00,15933.678,,,,,,,,,,,,,
172,2022-03-09 04:00:00,2022-03-09 04:00:00,15630.466,,,,,,,,,,,,,
173,2022-03-09 05:00:00,2022-03-09 05:00:00,14888.333,,,,,,,,,,,,,
174,2022-03-09 06:00:00,2022-03-09 06:00:00,13939.375,,,,,,,,,,,,,
175,2022-03-09 07:00:00,2022-03-09 07:00:00,14086.97,,,,,,,,,,,,,
176,2022-03-09 08:00:00,2022-03-09 08:00:00,14250.538,,,,,,,,,,,,,
177,2022-03-09 09:00:00,2022-03-09 09:00:00,14611.155,,,,,,,,,,,,,
178,2022-03-09 10:00:00,2022-03-09 10:00:00,14615.474,,,,,,,,,,,,,
179,2022-03-09 11:00:00,2022-03-09 11:00:00,14482.584,,,,,,,,,,,,,
180,2022-03-09 12:00:00,2022-03-09 12:00:00,14051.086,,,,,,,,,,,,,
181,2022-03-09 13:00:00,2022-03-09 13:00:00,13780.749,,,,,,,,,,,,,
182,2022-03-09 14:00:00,2022-03-09 14:00:00,13139.236,,,,,,,,,,,,,
183,2022-03-09 15:00:00,2022-03-09 15:00:00,13317.505,,,,,,,,,,,,,
184,2022-03-09 16:00:00,2022-03-09 16:00:00,13633.325,,,,,,,,,,,,,
185,2022-03-09 17:00:00,2022-03-09 17:00:00,13547.369,,,,,,,,,,,,,
186,2022-03-09 18:00:00,2022-03-09 18:00:00,13650.753,,,,,,,,,,,,,
187,2022-03-09 19:00:00,2022-03-09 19:00:00,13686.794,,,,,,,,,,,,,
188,2022-03-09 20:00:00,2022-03-09 20:00:00,13888.883,,,,,,,,,,,,,
189,2022-03-09 21:00:00,2022-03-09 21:00:00,14075.433,,,,,,,,,,,,,
190,2022-03-09 22:00:00,2022-03-09 22:00:00,13766.239,,,,,,,,,,,,,
191,2022-03-09 23:00:00,2022-03-09 23:00:00,13606.501,,,,,,,,,,,,,
192,2022-03-10 00:00:00,2022-03-10 00:00:00,13779.908,,,,,,,,,,,,,
193,2022-03-10 01:00:00,2022-03-10 01:00:00,14032.343,,,,,,,,,,,,,
194,2022-03-10 02:00:00,2022-03-10 02:00:00,14378.705,,,,,,,,,,,,,
195,2022-03-10 03:00:00,2022-03-10 03:00:00,14605.592,,,,,,,,,,,,,
196,2022-03-10 04:00:00,2022-03-10 04:00:00,14622.9,,,,,,,,,,,,,
197,2022-03-10 05:00:00,2022-03-10 05:00:00,14324.511,,,,,,,,,,,,,
198,2022-03-10 06:00:00,2022-03-10 06:00:00,14202.41,,,,,,,,,,,,,
199,2022-03-10 07:00:00,2022-03-10 07:00:00,14097.826,,,,,,,,,,,,,
200,2022-03-10 08:00:00,2022-03-10 08:00:00,13755.453,,,,,,,,,,,,,
201,2022-03-10 09:00:00,2022-03-10 09:00:00,13881.918,,,,,,,,,,,,,
202,2022-03-10 10:00:00,2022-03-10 10:00:00,14090.494,,,,,,,,,,,,,
203,2022-03-10 11:00:00,2022-03-10 11:00:00,14003.619,,,,,,,,,,,,,
204,2022-03-10 12:00:00,2022-03-10 12:00:00,13937.009,,,,,,,,,,,,,
205,2022-03-10 13:00:00,2022-03-10 13:00:00,13717.548,,,,,,,,,,,,,
206,2022-03-10 14:00:00,2022-03-10 14:00:00,13714.951,,,,,,,,,,,,,
207,2022-03-10 15:00:00,2022-03-10 15:00:00,13805.47,,,,,,,,,,,,,
208,2022-03-10 16:00:00,2022-03-10 16:00:00,13938.207,,,,,,,,,,,,,
209,2022-03-10 17:00:00,2022-03-10 17:00:00,13971.269,,,,,,,,,,,,,
210,2022-03-10 18:00:00,2022-03-10 18:00:00,13432.426,,,,,,,,,,,,,
211,2022-03-10 19:00:00,2022-03-10 19:00:00,13590.582,,,,,,,,,,,,,
212,2022-03-10 20:00:00,2022-03-10 20:00:00,13682.795,,,,,,,,,,,,,
213,2022-03-10 21:00:00,2022-03-10 21:00:00,13960.36,,,,,,,,,,,,,
214,2022-03-10 22:00:00,2022-03-10 22:00:00,13699.577,,,,,,,,,,,,,
215,2022-03-10 23:00:00,2022-03-10 23:00:00,13554.797,,,,,,,,,,,,,
216,2022-03-11 00:00:00,2022-03-11 00:00:00,13661.921,,,,,,,,,,,,,
217,2022-03-11 01:00:00,2022-03-11 01:00:00,14527.548,,,,,,,,,,,,,
218,2022-03-11 02:00:00,2022-03-11 02:00:00,14482.733,,,,,,,,,,,,,
219,2022-03-11 03:00:00,2022-03-11 03:00:00,14464.978,,,,,,,,,,,,,
220,2022-03-11 04:00:00,2022-03-11 04:00:00,14413.263,,,,,,,,,,,,,
221,2022-03-11 05:00:00,2022-03-11 05:00:00,14385.967,,,,,,,,,,,,,
222,2022-03-11 06:00:00,2022-03-11 06:00:00,14360.998,,,,,,,,,,,,,
223,2022-03-11 07:00:00,2022-03-11 07:00:00,14257.894,,,,,,,,,,,,,
224,2022-03-11 08:00:00,2022-03-11 08:00:00,14042.996,,,,,,,,,,,,,
225,2022-03-11 09:00:00,2022-03-11 09:00:00,13072.6,,,,,,,,,,,,,
226,2022-03-11 10:00:00,2022-03-11 10:00:00,13057.011,,,,,,,,,,,,,
227,2022-03-11 11:00:00,2022-03-11 11:00:00,13426.461,,,,,,,,,,,,,
228,2022-03-11 12:00:00,2022-03-11 12:00:00,13662.401,,,,,,,,,,,,,
229,2022-03-11 13:00:00,2022-03-11 13:00:00,13242.707,,,,,,,,,,,,,
230,2022-03-11 14:00:00,2022-03-11 14:00:00,13276.969,,,,,,,,,,,,,
231,2022-03-11 15:00:00,2022-03-11 15:00:00,13835.788,,,,,,,,,,,,,
232,2022-03-11 16:00:00,2022-03-11 16:00:00,13974.831,,,,,,,,,,,,,
233,2022-03-11 17:00:00,2022-03-11 17:00:00,14022.971,,,,,,,,,,,,,
234,2022-03-11 18:00:00,2022-03-11 18:00:00,13799.087,,,,,,,,,,,,,
235,2022-03-11 19:00:00,2022-03-11 19:00:00,13595.062,,,,,,,,,,,,,
236,2022-03-11 20:00:00,2022-03-11 20:00:00,13539.364,,,,,,,,,,,,,
237,2022-03-11 21:00:00,2022-03-11 21:00:00,13573.439,,,,,,,,,,,,,
238,2022-03-11 22:00:00,2022-03-11 22:00:00,13801.552,,,,,,,,,,,,,
239,2022-03-11 23:00:00,2022-03-11 23:00:00,13640.679,,,,,,,,,,,,,
240,2022-03-12 00:00:00,2022-03-12 00:00:00,13738.654,,,,,,,,,,,,,
241,2022-03-12 01:00:00,2022-03-12 01:00:00,14111.128,,,,,,,,,,,,,
242,2022-03-12 02:00:00,2022-03-12 02:00:00,13626.878,,,,,,,,,,,,,
243,2022-03-12 03:00:00,2022-03-12 03:00:00,13090.661,,,,,,,,,,,,,
244,2022-03-12 04:00:00,2022-03-12 04:00:00,13104.397,,,,,,,,,,,,,
245,2022-03-12 05:00:00,2022-03-12 05:00:00,13240.571,,,,,,,,,,,,,
246,2022-03-12 06:00:00,2022-03-12 06:00:00,12937.314,,,,,,,,,,,,,
247,2022-03-12 07:00:00,2022-03-12 07:00:00,12599.919,,,,,,,,,,,,,
248,2022-03-12 08:00:00,2022-03-12 08:00:00,12539.371,,,,,,,,,,,,,
249,2022-03-12 09:00:00,2022-03-12 09:00:00,12597.942,,,,,,,,,,,,,
250,2022-03-12 10:00:00,2022-03-12 10:00:00,12828.616,,,,,,,,,,,,,
251,2022-03-12 11:00:00,2022-03-12 11:00:00,12996.239,,,,,,,,,,,,,
252,2022-03-12 12:00:00,2022-03-12 12:00:00,13657.357,,,,,,,,,,,,,
253,2022-03-12 13:00:00,2022-03-12 13:00:00,13798.545,,,,,,,,,,,,,
254,2022-03-12 14:00:00,2022-03-12 14:00:00,13988.767,,,,,,,,,,,,,
255,2022-03-12 15:00:00,2022-03-12 15:00:00,13948.819,,,,,,,,,,,,,
256,2022-03-12 16:00:00,2022-03-12 16:00:00,14011.618,,,,,,,,,,,,,
257,2022-03-12 17:00:00,2022-03-12 17:00:00,13754.376,,,,,,,,,,,,,
258,2022-03-12 18:00:00,2022-03-12 18:00:00,13243.007,,,,,,,,,,,,,
259,2022-03-12 19:00:00,2022-03-12 19:00:00,13114.58,,,,,,,,,,,,,
260,2022-03-12 20:00:00,2022-03-12 20:00:00,12657.333,,,,,,,,,,,,,
261,2022-03-12 21:00:00,2022-03-12 21:00:00,12941.662,,,,,,,,,,,,,
262,2022-03-12 22:00:00,2022-03-12 22:00:00,12793.651,,,,,,,,,,,,,
263,2022-03-12 23:00:00,2022-03-12 23:00:00,12778.166,,,,,,,,,,,,,
264,2022-03-13 00:00:00,2022-03-13 00:00:00,12713.221,,,,,,,,,,,,,
265,2022-03-13 01:00:00,2022-03-13 01:00:00,12594.634,,,,,,,,,,,,,
266,2022-03-13 02:00:00,2022-03-13 02:00:00,12325.193,,,,,,,,,,,,,
267,2022-03-13 03:00:00,2022-03-13 03:00:00,12278.151,,,,,,,,,,,,,
268,2022-03-13 04:00:00,2022-03-13 04:00:00,12223.304,,,,,,,,,,,,,
269,2022-03-13 05:00:00,2022-03-13 05:00:00,12193.771,,,,,,,,,,,,,
270,2022-03-13 06:00:00,2022-03-13 06:00:00,12258.091,,,,,,,,,,,,,
271,2022-03-13 07:00:00,2022-03-13 07:00:00,12188.06,,,,,,,,,,,,,
272,2022-03-13 08:00:00,2022-03-13 08:00:00,12179.397,,,,,,,,,,,,,
273,2022-03-13 09:00:00,2022-03-13 09:00:00,12047.492,,,,,,,,,,,,,
274,2022-03-13 10:00:00,2022-03-13 10:00:00,11952.505,,,,,,,,,,,,,
275,2022-03-13 11:00:00,2022-03-13 11:00:00,11866.172,,,,,,,,,,,,,
276,2022-03-13 12:00:00,2022-03-13 12:00:00,11812.505,,,,,,,,,,,,,
277,2022-03-13 13:00:00,2022-03-13 13:00:00,11812.505,,,,,,,,,,,,,
278,2022-03-13 14:00:00,2022-03-13 14:00:00,11845.538,,,,,,,,,,,,,
279,2022-03-13 15:00:00,2022-03-13 15:00:00,11852.005,,,,,,,,,,,,,
280,2022-03-13 16:00:00,2022-03-13 16:00:00,11971.341,,,,,,,,,,,,,
281,2022-03-13 17:00:00,2022-03-13 17:00:00,12505.394,,,,,,,,,,,,,
282,2022-03-13 18:00:00,2022-03-13 18:00:00,12854.968,,,,,,,,,,,,,
283,2022-03-13 19:00:00,2022-03-13 19:00:00,12778.567,,,,,,,,,,,,,
284,2022-03-13 20:00:00,2022-03-13 20:00:00,12753.88,,,,,,,,,,,,,
285,2022-03-13 21:00:00,2022-03-13 21:00:00,12794.201,,,,,,,,,,,,,
286,2022-03-13 22:00:00,2022-03-13 22:00:00,12712.917,,,,,,,,,,,,,
287,2022-03-13 23:00:00,2022-03-13 23:00:00,12648.814,,,,,,,,,,,,,
288,2022-03-14 00:00:00,2022-03-14 00:00:00,12066.839,,,,,,,,,,,,,
289,2022-03-14 01:00:00,2022-03-14 01:00:00,11976.394,,,,,,,,,,,,,
290,2022-03-14 02:00:00,2022-03-14 02:00:00,11725.644,,,,,,,,,,,,,
291,2022-03-14 03:00:00,2022-03-14 03:00:00,12340.644,,,,,,,,,,,,,
292,2022-03-14 04:00:00,2022-03-14 04:00:00,12340.644,,,,,,,,,,,,,
293,2022-03-14 05:00:00,2022-03-14 05:00:00,12707.285,,,,,,,,,,,,,
294,2022-03-14 06:00:00,2022-03-14 06:00:00,12912.212,,,,,,,,,,,,,
295,2022-03-14 07:00:00,2022-03-14 07:00:00,13153.229,,,,,,,,,,,,,
296,2022-03-14 08:00:00,2022-03-14 08:00:00,13589.691,,,,,,,,,,,,,
297,2022-03-14 09:00:00,2022-03-14 09:00:00,13632.142,,,,,,,,,,,,,
298,2022-03-14 10:00:00,2022-03-14 10:00:00,13534.908,,,,,,,,,,,,,
299,2022-03-14 11:00:00,2022-03-14 11:00:00,13513.422,,,,,,,,,,,,,
300,2022-03-14 12:00:00,2022-03-14 12:00:00,13527.502,,,,,,,,,,,,,
301,2022-03-14 13:00:00,2022-03-14 13:00:00,13616.364,,,,,,,,,,,,,
302,2022-03-14 14:00:00,2022-03-14 14:00:00,13687.768,,,,,,,,,,,,,
303,2022-03-14 15:00:00,2022-03-14 15:00:00,14312.334,,,,,,,,,,,,,
304,2022-03-14 16:00:00,2022-03-14 16:00:00,14456.081,,,,,,,,,,,,,
305,2022-03-14 17:00:00,2022-03-14 17:00:00,14152.428,,,,,,,,,,,,,
306,2022-03-14 18:00:00,2022-03-14 18:00:00,14132.462,,,,,,,,,,,,,
307,2022-03-14 19:00:00,2022-03-14 19:00:00,14039.494,,,,,,,,,,,,,
308,2022-03-14 20:00:00,2022-03-14 20:00:00,13194.852,,,,,,,,,,,,,
309,2022-03-14 21:00:00,2022-03-14 21:00:00,13641.257,,,,,,,,,,,,,
310,2022-03-14 22:00:00,2022-03-14 22:00:00,13519.308,,,,,,,,,,,,,
311,2022-03-14 23:00:00,2022-03-14 23:00:00,13286.792,,,,,,,,,,,,,
312,2022-03-15 00:00:00,2022-03-15 00:00:00,14134.532,,,,,,,,,,,,,
313,2022-03-15 01:00:00,2022-03-15 01:00:00,14294.041,,,,,,,,,,,,,
314,2022-03-15 02:00:00,2022-03-15 02:00:00,14599.189,,,,,,,,,,,,,
315,2022-03-15 03:00:00,2022-03-15 03:00:00,14495.275,,,,,,,,,,,,,
316,2022-03-15 04:00:00,2022-03-15 04:00:00,14583.149,,,,,,,,,,,,,
317,2022-03-15 05:00:00,2022-03-15 05:00:00,14676.838,,,,,,,,,,,,,
318,2022-03-15 06:00:00,2022-03-15 06:00:00,14664.149,,,,,,,,,,,,,
319,2022-03-15 07:00:00,2022-03-15 07:00:00,14182.887,,,,,,,,,,,,,
320,2022-03-15 08:00:00,2022-03-15 08:00:00,13588.817,,,,,,,,,,,,,
321,2022-03-15 09:00:00,2022-03-15 09:00:00,13569.065,,,,,,,,,,,,,
322,2022-03-15 10:00:00,2022-03-15 10:00:00,14429.334,,,,,,,,,,,,,
323,2022-03-15 11:00:00,2022-03-15 11:00:00,14346.485,,,,,,,,,,,,,
324,2022-03-15 12:00:00,2022-03-15 12:00:00,14336.231,,,,,,,,,,,,,
325,2022-03-15 13:00:00,2022-03-15 13:00:00,14654.74,,,,,,,,,,,,,
326,2022-03-15 14:00:00,2022-03-15 14:00:00,14704.965,,,,,,,,,,,,,
327,2022-03-15 15:00:00,2022-03-15 15:00:00,14585.846,,,,,,,,,,,,,
328,2022-03-15 16:00:00,2022-03-15 16:00:00,14035.171,,,,,,,,,,,,,
329,2022-03-15 17:00:00,2022-03-15 17:00:00,13448.876,,,,,,,,,,,,,
330,2022-03-15 18:00:00,2022-03-15 18:00:00,13307.513,,,,,,,,,,,,,
331,2022-03-15 19:00:00,2022-03-15 19:00:00,13371.623,,,,,,,,,,,,,
332,2022-03-15 20:00:00,2022-03-15 20:00:00,13317.861,,,,,,,,,,,,,
333,2022-03-15 21:00:00,2022-03-15 21:00:00,13136.326,,,,,,,,,,,,,
334,2022-03-15 22:00:00,2022-03-15 22:00:00,13218.313,,,,,,,,,,,,,
335,2022-03-15 23:00:00,2022-03-15 23:00:00,13226.991,,,,,,,,,,,,,
