DateTimeKey,Residual Forecast,RSA Contracted Forecast,Residual Demand,RSA Contracted Demand
2022-03-16 09:00:00,,,24965.935000000001,27581.937000000002
2022-03-16 10:00:00,,,24539.494999999999,27284.785
2022-03-16 11:00:00,,,24407.201000000001,27136.511999999999
2022-03-16 12:00:00,,,24451.800999999999,27092.293000000001
2022-03-16 13:00:00,,,24369.935000000001,27019.206999999999
2022-03-16 14:00:00,,,24830.067999999999,27398.917000000001
2022-03-16 15:00:00,,,25562.201000000001,28012.210999999999
2022-03-16 16:00:00,,,26446.428,28742.546999999999
2022-03-16 17:00:00,,,26953.067999999999,28909.733
2022-03-16 18:00:00,,,27724.210999999999,29357.080000000002
2022-03-16 19:00:00,,,27283.617999999999,29033.325000000001
2022-03-16 20:00:00,,,25401.435000000001,27305.170999999998
2022-03-16 21:00:00,,,23314.800999999999,25212.924999999999
2022-03-16 22:00:00,,,21626.231,23136.751
2022-03-16 23:00:00,,,20742.285,22128.075000000001
2022-03-17 00:00:00,,,20278.067999999999,21604.251
2022-03-17 01:00:00,,,20145.201000000001,21352.446
2022-03-17 19:00:00,,,27802.067999999999,29801.106
2022-03-17 20:00:00,,,25897.280999999999,27808.065999999999
2022-03-17 21:00:00,,,23967.800999999999,25755.778999999999
2022-03-17 22:00:00,,,22349.668000000001,23731.291000000001
2022-03-17 23:00:00,,,21502.935000000001,22626.695
2022-03-17 02:00:00,,,20119.971000000001,21370.639999999999
2022-03-17 03:00:00,,,20311.800999999999,21635.720000000001
2022-03-17 04:00:00,,,21527.800999999999,22845.830000000002
2022-03-17 05:00:00,,,23976.238000000001,25257.094000000001
2022-03-17 06:00:00,,,25598.800999999999,26968.973999999998
2022-03-17 07:00:00,,,25107.800999999999,26934.481
2022-03-17 08:00:00,,,25082.935000000001,27581.772000000001
2022-03-17 09:00:00,,,24737.935000000001,27674.129000000001
2022-03-17 10:00:00,,,24933.981,27871.845000000001
2022-03-17 11:00:00,,,24961.800999999999,27786.044999999998
2022-03-17 12:00:00,,,25225.201000000001,27853.748
2022-03-17 13:00:00,,,25194.935000000001,27702.329000000002
2022-03-17 14:00:00,,,25322.201000000001,27816.556
2022-03-17 15:00:00,,,25629.777999999998,28223.222000000002
2022-03-17 16:00:00,,,26373.935000000001,28906.166000000001
2022-03-17 17:00:00,,,26645.800999999999,28842.671999999999
2022-03-17 18:00:00,,,27707.935000000001,29637.785
2022-03-11 00:00:00,,,22067.897000000001,23017.002
2022-03-11 01:00:00,,,21700.494999999999,22643.052
2022-03-11 02:00:00,,,21607.862000000001,22529.816999999999
2022-03-11 03:00:00,,,21902.973999999998,22772.552
2022-03-11 04:00:00,,,23004.096000000001,23900.289000000001
2022-03-11 05:00:00,,,25358.742999999999,26305.327000000001
2022-03-11 06:00:00,,,26648.884999999998,27693.823
2022-03-11 07:00:00,,,26060.993999999999,27631.936000000002
2022-03-11 08:00:00,,,26422.971000000001,28687.646000000001
2022-03-11 09:00:00,,,26348.123,29005.205999999998
2022-03-11 10:00:00,,,26207.447,29129.651999999998
2022-03-11 11:00:00,,,26349.538,29240.012999999999
2022-03-11 12:00:00,,,26284.057000000001,29107.228999999999
2022-03-11 13:00:00,,,26302.096000000001,28879.512999999999
2022-03-11 14:00:00,,,26359.592000000001,28783.791000000001
2022-03-11 15:00:00,,,26344.285,28758.826000000001
2022-03-11 16:00:00,,,26647.768,28817.873
2022-03-11 17:00:00,,,26960.290000000001,28652.304
2022-03-11 18:00:00,,,27122.958999999999,28624.856
2022-03-11 19:00:00,,,27767.294999999998,29253.174999999999
2022-03-11 20:00:00,,,26811.665000000001,28130.27
2022-03-11 21:00:00,,,25156.649000000001,26405.377
2022-03-11 22:00:00,,,23565.382000000001,24770.620999999999
2022-03-11 23:00:00,,,22507.637999999999,23714.289000000001
2022-03-12 00:00:00,,,21810.431,23000.179
2022-03-12 01:00:00,,,21514.756000000001,22512.027999999998
2022-03-12 02:00:00,,,21363.296999999999,22225.550999999999
2022-03-12 03:00:00,,,21489.994999999999,22288.776999999998
2022-03-12 04:00:00,,,21658,22621.831999999999
2022-03-12 05:00:00,,,22118.655999999999,23256.894
2022-03-12 06:00:00,,,23068.027999999998,24220.642
2022-03-12 07:00:00,,,24512.73,25792.411
2022-03-12 08:00:00,,,25621.582999999999,27311.053
2022-03-12 09:00:00,,,25367.485000000001,27727.716
2022-03-15 23:00:00,,,21338.050999999999,22417.128000000001
2022-03-16 00:00:00,,,20649.668000000001,21686.02
2022-03-16 01:00:00,,,20221.935000000001,21232.958999999999
2022-03-16 02:00:00,,,20146.067999999999,21086.569
2022-03-16 03:00:00,,,20531.668000000001,21412.511999999999
2022-03-16 04:00:00,,,21853.935000000001,22711.998
2022-03-16 05:00:00,,,24556.935000000001,25393.346000000001
2022-03-16 06:00:00,,,26360.800999999999,27230.516
2022-03-16 07:00:00,,,25415.800999999999,26907.253000000001
2022-03-16 08:00:00,,,25268.201000000001,27509.299999999999
2022-03-16 09:00:00,,,24965.935000000001,27581.937000000002
2022-03-16 10:00:00,,,24539.494999999999,27284.785
2022-03-16 11:00:00,,,24407.201000000001,27136.511999999999
2022-03-16 12:00:00,,,24451.800999999999,27092.293000000001
2022-03-16 13:00:00,,,24369.935000000001,27019.206999999999
2022-03-16 14:00:00,,,24830.067999999999,27398.917000000001
2022-03-16 15:00:00,,,25562.201000000001,28012.210999999999
2022-03-16 16:00:00,,,26446.428,28742.546999999999
2022-03-16 17:00:00,,,26953.067999999999,28909.733
2022-03-16 18:00:00,,,27724.210999999999,29357.080000000002
2022-03-16 19:00:00,,,27283.617999999999,29033.325000000001
2022-03-16 20:00:00,,,25401.435000000001,27305.170999999998
2022-03-16 21:00:00,,,23314.800999999999,25212.924999999999
2022-03-16 22:00:00,,,21626.231,23136.751
2022-03-16 23:00:00,,,20742.285,22128.075000000001
2022-03-17 00:00:00,,,20278.067999999999,21604.251
2022-03-17 01:00:00,,,20145.201000000001,21352.446
2022-03-17 02:00:00,,,20119.971000000001,21370.639999999999
2022-03-17 03:00:00,,,20311.800999999999,21635.720000000001
2022-03-17 04:00:00,,,21527.800999999999,22845.830000000002
2022-03-17 05:00:00,,,23976.238000000001,25257.094000000001
2022-03-17 06:00:00,,,25598.800999999999,26968.973999999998
2022-03-17 07:00:00,,,25107.800999999999,26934.481
2022-03-17 08:00:00,,,25082.935000000001,27581.772000000001
2022-03-17 09:00:00,,,24737.935000000001,27674.129000000001
2022-03-17 10:00:00,,,24933.981,27871.845000000001
2022-03-17 11:00:00,,,24961.800999999999,27786.044999999998
2022-03-17 12:00:00,,,25225.201000000001,27853.748
2022-03-17 13:00:00,,,25194.935000000001,27702.329000000002
2022-03-17 14:00:00,,,25322.201000000001,27816.556
2022-03-17 15:00:00,,,25629.777999999998,28223.222000000002
2022-03-17 16:00:00,,,26373.935000000001,28906.166000000001
2022-03-17 17:00:00,,,26645.800999999999,28842.671999999999
2022-03-17 18:00:00,,,27707.935000000001,29637.785
2022-03-17 19:00:00,,,27802.067999999999,29801.106
2022-03-17 20:00:00,,,25897.280999999999,27808.065999999999
2022-03-17 21:00:00,,,23967.800999999999,25755.778999999999
2022-03-17 22:00:00,,,22349.668000000001,23731.291000000001
2022-03-17 23:00:00,,,21502.935000000001,22626.695
2022-03-12 10:00:00,,,24866.190999999999,27651.949000000001
2022-03-12 11:00:00,,,24132.561000000002,27480.223999999998
2022-03-12 12:00:00,,,23635.746999999999,27235.192999999999
2022-03-12 13:00:00,,,23287.132000000001,26883.881000000001
2022-03-12 14:00:00,,,23056.557000000001,26591.606
2022-03-12 15:00:00,,,22898.709999999999,26228.921999999999
2022-03-12 16:00:00,,,23721.295999999998,26446.008999999998
2022-03-12 17:00:00,,,24478.405999999999,26512.355
2022-03-12 18:00:00,,,25675.641,27291.280999999999
2022-03-12 19:00:00,,,26915.260999999999,28163.902999999998
2022-03-12 20:00:00,,,25634.685000000001,26678.136999999999
2022-03-12 21:00:00,,,23972.954000000002,24950.286
2022-03-12 22:00:00,,,22637.294999999998,23722.967000000001
2022-03-12 23:00:00,,,21156.396000000001,22602.487000000001
2022-03-13 00:00:00,,,20385.444,21941.745999999999
2022-03-13 01:00:00,,,20074.483,21643.788
2022-03-13 02:00:00,,,20081.863000000001,21535.212
2022-03-14 13:00:00,,,24897.800999999999,27589.116999999998
2022-03-14 14:00:00,,,24957.067999999999,27766.393
2022-03-14 15:00:00,,,25682.717000000001,28530.299999999999
2022-03-14 16:00:00,,,26544.183000000001,29081.315999999999
2022-03-14 17:00:00,,,27225.393,29594.405999999999
2022-03-14 18:00:00,,,27790.448,29784.950000000001
2022-03-14 19:00:00,,,27516.793000000001,29439.162
2022-03-14 20:00:00,,,25302.662,27264.553
2022-03-14 21:00:00,,,23387.300999999999,25317.031999999999
2022-03-14 22:00:00,,,21600.067999999999,23322.975999999999
2022-03-14 23:00:00,,,20749.567999999999,22225.541000000001
2022-03-15 00:00:00,,,20506.701000000001,21810.746999999999
2022-03-15 01:00:00,,,20677.800999999999,21813.902999999998
2022-03-15 02:00:00,,,20575.035,21617.485000000001
2022-03-15 03:00:00,,,20719.067999999999,21739.616000000002
2022-03-15 04:00:00,,,22053.800999999999,23114.355
2022-03-15 05:00:00,,,24467.394,25509.085999999999
2022-03-13 03:00:00,,,20020.539000000001,21511.878000000001
2022-03-13 04:00:00,,,20440.991999999998,21641.569
2022-03-13 05:00:00,,,20677.305,21927.888999999999
2022-03-13 06:00:00,,,21894.083999999999,23036.129000000001
2022-03-13 07:00:00,,,23639.558000000001,24843.780999999999
2022-03-13 08:00:00,,,24240.014999999999,25999.580000000002
2022-03-13 09:00:00,,,24072.748,26588.977999999999
2022-03-13 10:00:00,,,24004.249,26631.678
2022-03-13 11:00:00,,,24187.080999999998,26677.938999999998
2022-03-13 12:00:00,,,24048.019,26471.027999999998
2022-03-13 13:00:00,,,23804.454000000002,26347.330000000002
2022-03-13 14:00:00,,,23561.542000000001,26023.427
2022-03-13 15:00:00,,,23496.66,25806.014999999999
2022-03-13 16:00:00,,,23846.764999999999,26085.044999999998
2022-03-13 17:00:00,,,24544.243999999999,26501.383000000002
2022-03-13 18:00:00,,,25328.728999999999,27105.143
2022-03-13 19:00:00,,,26365.164000000001,27950.745999999999
2022-03-13 20:00:00,,,25080.275000000001,26594.967000000001
2022-03-13 21:00:00,,,23203.800999999999,24646.698
2022-03-13 22:00:00,,,21368.668000000001,22951.713
2022-03-13 23:00:00,,,20220.800999999999,21825.704000000002
2022-03-14 00:00:00,,,19897.800999999999,21458.375
2022-03-14 01:00:00,,,19499.800999999999,21091.021000000001
2022-03-14 02:00:00,,,19396.535,20923.116999999998
2022-03-14 03:00:00,,,19726.800999999999,21081.776999999998
2022-03-14 04:00:00,,,21117.800999999999,22407.451000000001
2022-03-14 05:00:00,,,23786.935000000001,24992.059000000001
2022-03-14 06:00:00,,,25558.255000000001,26754.091
2022-03-14 07:00:00,,,25186.800999999999,26557.548999999999
2022-03-14 08:00:00,,,25831.800999999999,27474.996999999999
2022-03-14 09:00:00,,,25614.935000000001,27755.059000000001
2022-03-14 10:00:00,,,25606.485000000001,27869.524000000001
2022-03-14 11:00:00,,,25104.131000000001,27672.311000000002
2022-03-14 12:00:00,,,24774.935000000001,27539.174999999999
2022-03-15 06:00:00,,,26277.261999999999,27328.881000000001
2022-03-15 07:00:00,,,25646.053,27077.726999999999
2022-03-15 08:00:00,,,25656.917000000001,27667.776999999998
2022-03-15 09:00:00,,,25391.800999999999,27797.009999999998
2022-03-15 10:00:00,,,24758.935000000001,27287.699000000001
2022-03-15 11:00:00,,,24979.564999999999,27526.565999999999
2022-03-15 12:00:00,,,24965.935000000001,27395.66
2022-03-15 13:00:00,,,24746.935000000001,27245.047999999999
2022-03-15 14:00:00,,,24886.935000000001,27421.115000000002
2022-03-15 15:00:00,,,25347.201000000001,27848.983
2022-03-15 16:00:00,,,26105.978999999999,28430.697
2022-03-15 17:00:00,,,26838.042000000001,28786.773000000001
2022-03-15 18:00:00,,,28067.824000000001,29431.328000000001
2022-03-15 19:00:00,,,27953.366000000002,29447.759999999998
2022-03-15 20:00:00,,,25768.656999999999,27378.527999999998
2022-03-15 21:00:00,,,23500.413,25168.901999999998
2022-03-15 22:00:00,,,22104.935000000001,23345.294000000002
2022-03-11 00:00:00,,,22067.897000000001,23017.002
2022-03-11 01:00:00,,,21700.494999999999,22643.052
2022-03-11 02:00:00,,,21607.862000000001,22529.816999999999
2022-03-11 03:00:00,,,21902.973999999998,22772.552
2022-03-11 04:00:00,,,23004.096000000001,23900.289000000001
2022-03-11 05:00:00,,,25358.742999999999,26305.327000000001
2022-03-11 06:00:00,,,26648.884999999998,27693.823
2022-03-11 07:00:00,,,26060.993999999999,27631.936000000002
2022-03-11 08:00:00,,,26422.971000000001,28687.646000000001
2022-03-11 09:00:00,,,26348.123,29005.205999999998
2022-03-11 10:00:00,,,26207.447,29129.651999999998
2022-03-11 11:00:00,,,26349.538,29240.012999999999
2022-03-11 12:00:00,,,26284.057000000001,29107.228999999999
2022-03-11 13:00:00,,,26302.096000000001,28879.512999999999
2022-03-11 14:00:00,,,26359.592000000001,28783.791000000001
2022-03-11 15:00:00,,,26344.285,28758.826000000001
2022-03-11 16:00:00,,,26647.768,28817.873
2022-03-11 17:00:00,,,26960.290000000001,28652.304
2022-03-11 18:00:00,,,27122.958999999999,28624.856
2022-03-11 19:00:00,,,27767.294999999998,29253.174999999999
2022-03-11 20:00:00,,,26811.665000000001,28130.27
2022-03-11 21:00:00,,,25156.649000000001,26405.377
2022-03-11 22:00:00,,,23565.382000000001,24770.620999999999
2022-03-11 23:00:00,,,22507.637999999999,23714.289000000001
2022-03-12 00:00:00,,,21810.431,23000.179
2022-03-12 01:00:00,,,21514.756000000001,22512.027999999998
2022-03-12 02:00:00,,,21363.296999999999,22225.550999999999
2022-03-12 03:00:00,,,21489.994999999999,22288.776999999998
2022-03-12 04:00:00,,,21658,22621.831999999999
2022-03-12 05:00:00,,,22118.655999999999,23256.894
2022-03-12 06:00:00,,,23068.027999999998,24220.642
2022-03-12 07:00:00,,,24512.73,25792.411
2022-03-12 08:00:00,,,25621.582999999999,27311.053
2022-03-12 09:00:00,,,25367.485000000001,27727.716
2022-03-12 10:00:00,,,24866.190999999999,27651.949000000001
2022-03-12 11:00:00,,,24132.561000000002,27480.223999999998
2022-03-12 12:00:00,,,23635.746999999999,27235.192999999999
2022-03-12 13:00:00,,,23287.132000000001,26883.881000000001
2022-03-12 14:00:00,,,23056.557000000001,26591.606
2022-03-12 15:00:00,,,22898.709999999999,26228.921999999999
2022-03-12 16:00:00,,,23721.295999999998,26446.008999999998
2022-03-12 17:00:00,,,24478.405999999999,26512.355
2022-03-12 18:00:00,,,25675.641,27291.280999999999
2022-03-12 19:00:00,,,26915.260999999999,28163.902999999998
2022-03-12 20:00:00,,,25634.685000000001,26678.136999999999
2022-03-12 21:00:00,,,23972.954000000002,24950.286
2022-03-12 22:00:00,,,22637.294999999998,23722.967000000001
2022-03-12 23:00:00,,,21156.396000000001,22602.487000000001
2022-03-13 00:00:00,,,20385.444,21941.745999999999
2022-03-13 01:00:00,,,20074.483,21643.788
2022-03-13 02:00:00,,,20081.863000000001,21535.212
2022-03-13 03:00:00,,,20020.539000000001,21511.878000000001
2022-03-13 04:00:00,,,20440.991999999998,21641.569
2022-03-13 05:00:00,,,20677.305,21927.888999999999
2022-03-13 06:00:00,,,21894.083999999999,23036.129000000001
2022-03-13 07:00:00,,,23639.558000000001,24843.780999999999
2022-03-13 08:00:00,,,24240.014999999999,25999.580000000002
2022-03-13 09:00:00,,,24072.748,26588.977999999999
2022-03-13 10:00:00,,,24004.249,26631.678
2022-03-13 11:00:00,,,24187.080999999998,26677.938999999998
2022-03-13 12:00:00,,,24048.019,26471.027999999998
2022-03-13 13:00:00,,,23804.454000000002,26347.330000000002
2022-03-13 14:00:00,,,23561.542000000001,26023.427
2022-03-13 15:00:00,,,23496.66,25806.014999999999
2022-03-13 16:00:00,,,23846.764999999999,26085.044999999998
2022-03-13 17:00:00,,,24544.243999999999,26501.383000000002
2022-03-13 18:00:00,,,25328.728999999999,27105.143
2022-03-13 19:00:00,,,26365.164000000001,27950.745999999999
2022-03-13 20:00:00,,,25080.275000000001,26594.967000000001
2022-03-13 21:00:00,,,23203.800999999999,24646.698
2022-03-13 22:00:00,,,21368.668000000001,22951.713
2022-03-13 23:00:00,,,20220.800999999999,21825.704000000002
2022-03-14 00:00:00,,,19897.800999999999,21458.375
2022-03-14 01:00:00,,,19499.800999999999,21091.021000000001
2022-03-14 02:00:00,,,19396.535,20923.116999999998
2022-03-14 03:00:00,,,19726.800999999999,21081.776999999998
2022-03-14 04:00:00,,,21117.800999999999,22407.451000000001
2022-03-14 05:00:00,,,23786.935000000001,24992.059000000001
2022-03-14 06:00:00,,,25558.255000000001,26754.091
2022-03-14 07:00:00,,,25186.800999999999,26557.548999999999
2022-03-14 08:00:00,,,25831.800999999999,27474.996999999999
2022-03-14 09:00:00,,,25614.935000000001,27755.059000000001
2022-03-14 10:00:00,,,25606.485000000001,27869.524000000001
2022-03-14 11:00:00,,,25104.131000000001,27672.311000000002
2022-03-14 12:00:00,,,24774.935000000001,27539.174999999999
2022-03-14 13:00:00,,,24897.800999999999,27589.116999999998
2022-03-14 14:00:00,,,24957.067999999999,27766.393
2022-03-14 15:00:00,,,25682.717000000001,28530.299999999999
2022-03-14 16:00:00,,,26544.183000000001,29081.315999999999
2022-03-14 17:00:00,,,27225.393,29594.405999999999
2022-03-14 18:00:00,,,27790.448,29784.950000000001
2022-03-14 19:00:00,,,27516.793000000001,29439.162
2022-03-14 20:00:00,,,25302.662,27264.553
2022-03-14 21:00:00,,,23387.300999999999,25317.031999999999
2022-03-14 22:00:00,,,21600.067999999999,23322.975999999999
2022-03-14 23:00:00,,,20749.567999999999,22225.541000000001
2022-03-15 00:00:00,,,20506.701000000001,21810.746999999999
2022-03-15 01:00:00,,,20677.800999999999,21813.902999999998
2022-03-15 02:00:00,,,20575.035,21617.485000000001
2022-03-15 03:00:00,,,20719.067999999999,21739.616000000002
2022-03-15 04:00:00,,,22053.800999999999,23114.355
2022-03-15 05:00:00,,,24467.394,25509.085999999999
2022-03-15 06:00:00,,,26277.261999999999,27328.881000000001
2022-03-15 07:00:00,,,25646.053,27077.726999999999
2022-03-15 08:00:00,,,25656.917000000001,27667.776999999998
2022-03-15 09:00:00,,,25391.800999999999,27797.009999999998
2022-03-15 10:00:00,,,24758.935000000001,27287.699000000001
2022-03-15 11:00:00,,,24979.564999999999,27526.565999999999
2022-03-15 12:00:00,,,24965.935000000001,27395.66
2022-03-15 13:00:00,,,24746.935000000001,27245.047999999999
2022-03-15 14:00:00,,,24886.935000000001,27421.115000000002
2022-03-15 15:00:00,,,25347.201000000001,27848.983
2022-03-15 16:00:00,,,26105.978999999999,28430.697
2022-03-15 17:00:00,,,26838.042000000001,28786.773000000001
2022-03-15 18:00:00,,,28067.824000000001,29431.328000000001
2022-03-15 19:00:00,,,27953.366000000002,29447.759999999998
2022-03-15 20:00:00,,,25768.656999999999,27378.527999999998
2022-03-15 21:00:00,,,23500.413,25168.901999999998
2022-03-15 22:00:00,,,22104.935000000001,23345.294000000002
2022-03-15 23:00:00,,,21338.050999999999,22417.128000000001
2022-03-16 00:00:00,,,20649.668000000001,21686.02
2022-03-16 01:00:00,,,20221.935000000001,21232.958999999999
2022-03-16 02:00:00,,,20146.067999999999,21086.569
2022-03-16 03:00:00,,,20531.668000000001,21412.511999999999
2022-03-16 04:00:00,,,21853.935000000001,22711.998
2022-03-16 05:00:00,,,24556.935000000001,25393.346000000001
2022-03-16 06:00:00,,,26360.800999999999,27230.516
2022-03-16 07:00:00,,,25415.800999999999,26907.253000000001
2022-03-16 08:00:00,,,25268.201000000001,27509.299999999999
2022-03-22 02:00:00,19597.133999999998,20188.016,,
2022-03-22 02:00:00,19597.133999999998,20188.016,,
2022-03-22 01:00:00,19721.355,20377.736000000001,,
2022-03-22 01:00:00,19721.355,20377.736000000001,,
2022-03-22 03:00:00,19841.509999999998,20398.705999999998,,
2022-03-22 03:00:00,19841.509999999998,20398.705999999998,,
2022-03-20 03:00:00,20145.735000000001,20684.381000000001,,
2022-03-20 03:00:00,20145.735000000001,20684.381000000001,,
2022-03-22 00:00:00,19966.264999999999,20706.043000000001,,
2022-03-22 00:00:00,19966.264999999999,20706.043000000001,,
2022-03-21 02:00:00,20025.281999999999,20744.053,,
2022-03-21 02:00:00,20025.281999999999,20744.053,,
2022-03-20 02:00:00,20208.255000000001,20777.456999999999,,
2022-03-20 02:00:00,20208.255000000001,20777.456999999999,,
2022-03-21 03:00:00,20108.353999999999,20787.261999999999,,
2022-03-21 03:00:00,20108.353999999999,20787.261999999999,,
2022-03-20 04:00:00,20301.026999999998,20804.287,,
2022-03-20 04:00:00,20301.026999999998,20804.287,,
2022-03-21 01:00:00,20119.312000000002,20884.844000000001,,
2022-03-21 01:00:00,20119.312000000002,20884.844000000001,,
2022-03-20 01:00:00,20388.920999999998,21024.271000000001,,
2022-03-20 01:00:00,20388.920999999998,21024.271000000001,,
2022-03-21 04:00:00,20466.829000000002,21105.476999999999,,
2022-03-21 04:00:00,20466.829000000002,21105.476999999999,,
2022-03-21 00:00:00,20360.779999999999,21208.109,,
2022-03-21 00:00:00,20360.779999999999,21208.109,,
2022-03-20 05:00:00,20870.330999999998,21352.942999999999,,
2022-03-20 05:00:00,20870.330999999998,21352.942999999999,,
2022-03-21 23:00:00,20616.276000000002,21402.541000000001,,
2022-03-21 23:00:00,20616.276000000002,21402.541000000001,,
2022-03-22 04:00:00,20925.735000000001,21437.800999999999,,
2022-03-22 04:00:00,20925.735000000001,21437.800999999999,,
2022-03-20 00:00:00,20744.616000000002,21458.309000000001,,
2022-03-20 00:00:00,20744.616000000002,21458.309000000001,,
2022-03-23 02:00:00,20921.539000000001,21577.016,,
2022-03-23 02:00:00,20921.539000000001,21577.016,,
2022-03-20 23:00:00,20795.550999999999,21665.129000000001,,
2022-03-20 23:00:00,20795.550999999999,21665.129000000001,,
2022-03-21 05:00:00,21125.850999999999,21734.246999999999,,
2022-03-21 05:00:00,21125.850999999999,21734.246999999999,,
2022-03-23 01:00:00,21030.143,21739.681,,
2022-03-23 01:00:00,21030.143,21739.681,,
2022-03-23 03:00:00,21120.036,21752.828000000001,,
2022-03-23 03:00:00,21120.036,21752.828000000001,,
2022-03-19 03:00:00,21229.342000000001,21857.84,,
2022-03-19 03:00:00,21229.342000000001,21857.84,,
2022-03-19 02:00:00,21195.689999999999,21913.764999999999,,
2022-03-19 02:00:00,21195.689999999999,21913.764999999999,,
2022-03-18 02:00:00,21174.579000000002,22003.798999999999,,
2022-03-18 02:00:00,21174.579000000002,22003.798999999999,,
2022-03-18 03:00:00,21270.23,22045.019,,
2022-03-18 03:00:00,21270.23,22045.019,,
2022-03-19 23:00:00,21314.162,22046.148000000001,,
2022-03-19 23:00:00,21314.162,22046.148000000001,,
2022-03-19 04:00:00,21537.321,22129.123,,
2022-03-19 04:00:00,21537.321,22129.123,,
2022-03-24 02:00:00,21465.041000000001,22168.879000000001,,
2022-03-24 02:00:00,21465.041000000001,22168.879000000001,,
2022-03-23 00:00:00,21382.459999999999,22172.857,,
2022-03-23 00:00:00,21382.459999999999,22172.857,,
2022-03-18 01:00:00,21348.885999999999,22263.562999999998,,
2022-03-18 01:00:00,21348.885999999999,22263.562999999998,,
2022-03-19 01:00:00,21452.57,22266.121999999999,,
2022-03-19 01:00:00,21452.57,22266.121999999999,,
2022-03-24 01:00:00,21548.234,22285.996999999999,,
2022-03-24 01:00:00,21548.234,22285.996999999999,,
2022-03-24 03:00:00,21601.099999999999,22289.924999999999,,
2022-03-24 03:00:00,21601.099999999999,22289.924999999999,,
2022-03-21 06:00:00,21625.483,22289.964,,
2022-03-21 06:00:00,21625.483,22289.964,,
2022-03-21 22:00:00,21489.063999999998,22382.368999999999,,
2022-03-21 22:00:00,21489.063999999998,22382.368999999999,,
2022-03-20 06:00:00,21886.694,22412.812000000002,,
2022-03-20 06:00:00,21886.694,22412.812000000002,,
2022-03-23 04:00:00,21930.493999999999,22538.469000000001,,
2022-03-23 04:00:00,21930.493999999999,22538.469000000001,,
2022-03-24 00:00:00,21768.031999999999,22563.263999999999,,
2022-03-24 00:00:00,21768.031999999999,22563.263999999999,,
2022-03-19 05:00:00,21984.026999999998,22581.315999999999,,
2022-03-19 05:00:00,21984.026999999998,22581.315999999999,,
2022-03-23 23:00:00,21815.596000000001,22616.949000000001,,
2022-03-23 23:00:00,21815.596000000001,22616.949000000001,,
2022-03-18 00:00:00,21616.089,22644.66,,
2022-03-18 00:00:00,21616.089,22644.66,,
2022-03-22 23:00:00,21886.131000000001,22673.835999999999,,
2022-03-22 23:00:00,21886.131000000001,22673.835999999999,,
2022-03-19 00:00:00,21826.543000000001,22711.700000000001,,
2022-03-19 00:00:00,21826.543000000001,22711.700000000001,,
2022-03-20 22:00:00,21759.013999999999,22767.350999999999,,
2022-03-20 22:00:00,21759.013999999999,22767.350999999999,,
2022-03-18 23:00:00,21975.691999999999,22797.923999999999,,
2022-03-18 23:00:00,21975.691999999999,22797.923999999999,,
2022-03-18 04:00:00,22276.937000000002,23011.583999999999,,
2022-03-18 04:00:00,22276.937000000002,23011.583999999999,,
2022-03-24 04:00:00,22490.716,23152.539000000001,,
2022-03-24 04:00:00,22490.716,23152.539000000001,,
2022-03-19 22:00:00,22370.786,23264.904999999999,,
2022-03-19 22:00:00,22370.786,23264.904999999999,,
2022-03-22 05:00:00,22772.087,23270.396000000001,,
2022-03-22 05:00:00,22772.087,23270.396000000001,,
2022-03-24 23:00:00,22520.330000000002,23448.251,,
2022-03-24 23:00:00,22520.330000000002,23448.251,,
2022-03-21 07:00:00,22510.541000000001,23715.794999999998,,
2022-03-21 07:00:00,22510.541000000001,23715.794999999998,,
2022-03-22 22:00:00,22907.013999999999,23771.478999999999,,
2022-03-22 22:00:00,22907.013999999999,23771.478999999999,,
2022-03-23 22:00:00,22862.391,23788.423999999999,,
2022-03-23 22:00:00,22862.391,23788.423999999999,,
2022-03-19 06:00:00,23175.931,23812.391,,
2022-03-19 06:00:00,23175.931,23812.391,,
2022-03-18 22:00:00,23037.364000000001,23981.732,,
2022-03-18 22:00:00,23037.364000000001,23981.732,,
2022-03-21 21:00:00,22881.366999999998,24044.245999999999,,
2022-03-21 21:00:00,22881.366999999998,24044.245999999999,,
2022-03-23 05:00:00,23536.134999999998,24130.196,,
2022-03-23 05:00:00,23536.134999999998,24130.196,,
2022-03-20 07:00:00,23285.757000000001,24296.867999999999,,
2022-03-20 07:00:00,23285.757000000001,24296.867999999999,,
2022-03-20 21:00:00,23010.558000000001,24322.773000000001,,
2022-03-20 21:00:00,23010.558000000001,24322.773000000001,,
2022-03-24 22:00:00,23641.458999999999,24670.939999999999,,
2022-03-24 22:00:00,23641.458999999999,24670.939999999999,,
2022-03-22 06:00:00,24128.107,24680.677,,
2022-03-22 06:00:00,24128.107,24680.677,,
2022-03-19 21:00:00,23488.449000000001,24700.523000000001,,
2022-03-19 21:00:00,23488.449000000001,24700.523000000001,,
2022-03-24 05:00:00,24072.263999999999,24718.888999999999,,
2022-03-24 05:00:00,24072.263999999999,24718.888999999999,,
2022-03-18 05:00:00,24047.114000000001,24773.906999999999,,
2022-03-18 05:00:00,24047.114000000001,24773.906999999999,,
2022-03-20 15:00:00,23128.108,25055.749,,
2022-03-20 15:00:00,23128.108,25055.749,,
2022-03-20 14:00:00,23118.451000000001,25080.234,,
2022-03-20 14:00:00,23118.451000000001,25080.234,,
2022-03-21 14:00:00,23340.599999999999,25319.262999999999,,
2022-03-21 14:00:00,23340.599999999999,25319.262999999999,,
2022-03-21 15:00:00,23437.794999999998,25324.035,,
2022-03-21 15:00:00,23437.794999999998,25324.035,,
2022-03-20 13:00:00,23312.599999999999,25355.205000000002,,
2022-03-20 13:00:00,23312.599999999999,25355.205000000002,,
2022-03-20 16:00:00,23628.026999999998,25426.316999999999,,
2022-03-20 16:00:00,23628.026999999998,25426.316999999999,,
2022-03-19 07:00:00,24435.291000000001,25430.589,,
2022-03-19 07:00:00,24435.291000000001,25430.589,,
2022-03-23 21:00:00,24277.141,25508.168000000001,,
2022-03-23 21:00:00,24277.141,25508.168000000001,,
2022-03-22 21:00:00,24411.862000000001,25523.347000000002,,
2022-03-22 21:00:00,24411.862000000001,25523.347000000002,,
2022-03-21 08:00:00,23725.187999999998,25530.883999999998,,
2022-03-21 08:00:00,23725.187999999998,25530.883999999998,,
2022-03-21 16:00:00,23872.109,25597.457999999999,,
2022-03-21 16:00:00,23872.109,25597.457999999999,,
2022-03-23 06:00:00,25000.898000000001,25617.246999999999,,
2022-03-23 06:00:00,25000.898000000001,25617.246999999999,,
2022-03-18 21:00:00,24459.208999999999,25706.602999999999,,
2022-03-18 21:00:00,24459.208999999999,25706.602999999999,,
2022-03-21 13:00:00,23645.530999999999,25721.91,,
2022-03-21 13:00:00,23645.530999999999,25721.91,,
2022-03-20 08:00:00,24110.078000000001,25756.157999999999,,
2022-03-20 08:00:00,24110.078000000001,25756.157999999999,,
2022-03-19 15:00:00,24163.391,25817.548999999999,,
2022-03-19 15:00:00,24163.391,25817.548999999999,,
2022-03-20 12:00:00,23810.089,25934.482,,
2022-03-20 12:00:00,23810.089,25934.482,,
2022-03-20 17:00:00,24416.91,25979.326000000001,,
2022-03-20 17:00:00,24416.91,25979.326000000001,,
2022-03-21 20:00:00,24742.975999999999,25993.447,,
2022-03-21 20:00:00,24742.975999999999,25993.447,,
2022-03-20 20:00:00,24584.618999999999,26011.302,,
2022-03-20 20:00:00,24584.618999999999,26011.302,,
2022-03-19 14:00:00,24348.924999999999,26019.849999999999,,
2022-03-19 14:00:00,24348.924999999999,26019.849999999999,,
2022-03-20 11:00:00,23892.395,26066.233,,
2022-03-20 11:00:00,23892.395,26066.233,,
2022-03-19 16:00:00,24496.328000000001,26082.507000000001,,
2022-03-19 16:00:00,24496.328000000001,26082.507000000001,,
2022-03-21 17:00:00,24598.754000000001,26093.231,,
2022-03-21 17:00:00,24598.754000000001,26093.231,,
2022-03-21 12:00:00,24009.970000000001,26126.368999999999,,
2022-03-21 12:00:00,24009.970000000001,26126.368999999999,,
2022-03-18 06:00:00,25438.062000000002,26202.972000000002,,
2022-03-18 06:00:00,25438.062000000002,26202.972000000002,,
2022-03-20 10:00:00,24032.884999999998,26218.209999999999,,
2022-03-20 10:00:00,24032.884999999998,26218.209999999999,,
2022-03-21 09:00:00,24101.578000000001,26236.257000000001,,
2022-03-21 09:00:00,24101.578000000001,26236.257000000001,,
2022-03-20 09:00:00,24301.473000000002,26341.580000000002,,
2022-03-20 09:00:00,24301.473000000002,26341.580000000002,,
2022-03-24 06:00:00,25658.022000000001,26344.133999999998,,
2022-03-24 06:00:00,25658.022000000001,26344.133999999998,,
2022-03-19 13:00:00,24588.351999999999,26351.337,,
2022-03-19 13:00:00,24588.351999999999,26351.337,,
2022-03-24 21:00:00,25048.433000000001,26361.169000000002,,
2022-03-24 21:00:00,25048.433000000001,26361.169000000002,,
2022-03-22 07:00:00,25317.612000000001,26373.153999999999,,
2022-03-22 07:00:00,25317.612000000001,26373.153999999999,,
2022-03-19 20:00:00,25115.798999999999,26400.963,,
2022-03-19 20:00:00,25115.798999999999,26400.963,,
2022-03-21 11:00:00,24299.18,26450.800999999999,,
2022-03-21 11:00:00,24299.18,26450.800999999999,,
2022-03-21 10:00:00,24268.098000000002,26464.374,,
2022-03-21 10:00:00,24268.098000000002,26464.374,,
2022-03-19 17:00:00,25062.442999999999,26500.026999999998,,
2022-03-19 17:00:00,25062.442999999999,26500.026999999998,,
2022-03-19 12:00:00,24907.459999999999,26696.064999999999,,
2022-03-19 12:00:00,24907.459999999999,26696.064999999999,,
2022-03-19 11:00:00,25017.064999999999,26783.887999999999,,
2022-03-19 11:00:00,25017.064999999999,26783.887999999999,,
2022-03-23 07:00:00,25715.754000000001,26809.224999999999,,
2022-03-23 07:00:00,25715.754000000001,26809.224999999999,,
2022-03-19 08:00:00,25430.984,26828.550999999999,,
2022-03-19 08:00:00,25430.984,26828.550999999999,,
2022-03-19 10:00:00,25305.127,27023.274000000001,,
2022-03-19 10:00:00,25305.127,27023.274000000001,,
2022-03-18 07:00:00,25871.989000000001,27112.07,,
2022-03-18 07:00:00,25871.989000000001,27112.07,,
2022-03-18 20:00:00,25867.934000000001,27173.675999999999,,
2022-03-18 20:00:00,25867.934000000001,27173.675999999999,,
2022-03-19 09:00:00,25636.07,27249.927,,
2022-03-19 09:00:00,25636.07,27249.927,,
2022-03-20 18:00:00,25882.125,27278.249,,
2022-03-20 18:00:00,25882.125,27278.249,,
2022-03-22 20:00:00,26103.808000000001,27290.232,,
2022-03-22 20:00:00,26103.808000000001,27290.232,,
2022-03-21 18:00:00,26073.110000000001,27353.434000000001,,
2022-03-21 18:00:00,26073.110000000001,27353.434000000001,,
2022-03-18 16:00:00,25858.457999999999,27385.256000000001,,
2022-03-18 16:00:00,25858.457999999999,27385.256000000001,,
2022-03-20 19:00:00,26045.014999999999,27462.396000000001,,
2022-03-20 19:00:00,26045.014999999999,27462.396000000001,,
2022-03-18 15:00:00,25730.850999999999,27501.511999999999,,
2022-03-18 15:00:00,25730.850999999999,27501.511999999999,,
2022-03-23 20:00:00,26211.311000000002,27570.580000000002,,
2022-03-23 20:00:00,26211.311000000002,27570.580000000002,,
2022-03-22 08:00:00,25879.103999999999,27595.883000000002,,
2022-03-22 08:00:00,25879.103999999999,27595.883000000002,,
2022-03-22 13:00:00,25532.050999999999,27605.187999999998,,
2022-03-22 13:00:00,25532.050999999999,27605.187999999998,,
2022-03-19 18:00:00,26307.794999999998,27624.341,,
2022-03-19 18:00:00,26307.794999999998,27624.341,,
2022-03-18 14:00:00,25795.706999999999,27639.571,,
2022-03-18 14:00:00,25795.706999999999,27639.571,,
2022-03-18 17:00:00,26336.709999999999,27654.109,,
2022-03-18 17:00:00,26336.709999999999,27654.109,,
2022-03-19 19:00:00,26377.463,27659.757000000001,,
2022-03-19 19:00:00,26377.463,27659.757000000001,,
2022-03-24 07:00:00,26471.845000000001,27661.620999999999,,
2022-03-24 07:00:00,26471.845000000001,27661.620999999999,,
2022-03-22 14:00:00,25818.064999999999,27666.963,,
2022-03-22 14:00:00,25818.064999999999,27666.963,,
2022-03-22 12:00:00,25552.574000000001,27716.719000000001,,
2022-03-22 12:00:00,25552.574000000001,27716.719000000001,,
2022-03-21 19:00:00,26504.689999999999,27740.232,,
2022-03-21 19:00:00,26504.689999999999,27740.232,,
2022-03-22 11:00:00,25629.32,27831.837,,
2022-03-22 11:00:00,25629.32,27831.837,,
2022-03-23 14:00:00,25677.700000000001,27843.962,,
2022-03-23 14:00:00,25677.700000000001,27843.962,,
2022-03-22 09:00:00,25783.101999999999,27859.069,,
2022-03-22 09:00:00,25783.101999999999,27859.069,,
2022-03-23 13:00:00,25583.459999999999,27862.678,,
2022-03-23 13:00:00,25583.459999999999,27862.678,,
2022-03-22 10:00:00,25721.356,27907.768,,
2022-03-22 10:00:00,25721.356,27907.768,,
2022-03-22 15:00:00,26253.695,27926.560000000001,,
2022-03-22 15:00:00,26253.695,27926.560000000001,,
2022-03-23 08:00:00,26212.780999999999,27962.398000000001,,
2022-03-23 08:00:00,26212.780999999999,27962.398000000001,,
2022-03-23 12:00:00,25671.353999999999,27971.583999999999,,
2022-03-23 12:00:00,25671.353999999999,27971.583999999999,,
2022-03-23 09:00:00,25851.623,27975.281999999999,,
2022-03-23 09:00:00,25851.623,27975.281999999999,,
2022-03-18 13:00:00,25932.225999999999,27978.357,,
2022-03-18 13:00:00,25932.225999999999,27978.357,,
2022-03-23 11:00:00,25763.096000000001,28041.330000000002,,
2022-03-23 11:00:00,25763.096000000001,28041.330000000002,,
2022-03-23 10:00:00,25805.437999999998,28055.195,,
2022-03-23 10:00:00,25805.437999999998,28055.195,,
2022-03-23 15:00:00,26040.994999999999,28109.293000000001,,
2022-03-23 15:00:00,26040.994999999999,28109.293000000001,,
2022-03-22 16:00:00,26653.204000000002,28122.503000000001,,
2022-03-22 16:00:00,26653.204000000002,28122.503000000001,,
2022-03-18 08:00:00,26304.371999999999,28194.616000000002,,
2022-03-18 08:00:00,26304.371999999999,28194.616000000002,,
2022-03-24 20:00:00,26871.620999999999,28290.272000000001,,
2022-03-24 20:00:00,26871.620999999999,28290.272000000001,,
2022-03-18 12:00:00,26139.877,28298.136999999999,,
2022-03-18 12:00:00,26139.877,28298.136999999999,,
2022-03-23 16:00:00,26446.917000000001,28299.074000000001,,
2022-03-23 16:00:00,26446.917000000001,28299.074000000001,,
2022-03-18 18:00:00,27084.509999999998,28362.527999999998,,
2022-03-18 18:00:00,27084.509999999998,28362.527999999998,,
2022-03-22 17:00:00,27199.361000000001,28435.601999999999,,
2022-03-22 17:00:00,27199.361000000001,28435.601999999999,,
2022-03-18 09:00:00,26215.474999999999,28453.715,,
2022-03-18 09:00:00,26215.474999999999,28453.715,,
2022-03-24 14:00:00,25995.800999999999,28471.728999999999,,
2022-03-24 14:00:00,25995.800999999999,28471.728999999999,,
2022-03-18 19:00:00,27141.212,28476.903999999999,,
2022-03-18 19:00:00,27141.212,28476.903999999999,,
2022-03-18 11:00:00,26202.187999999998,28489.282999999999,,
2022-03-18 11:00:00,26202.187999999998,28489.282999999999,,
2022-03-24 15:00:00,26172.005000000001,28495.179,,
2022-03-24 15:00:00,26172.005000000001,28495.179,,
2022-03-24 16:00:00,26501.262999999999,28566.177,,
2022-03-24 16:00:00,26501.262999999999,28566.177,,
2022-03-18 10:00:00,26255.420999999998,28604.335999999999,,
2022-03-18 10:00:00,26255.420999999998,28604.335999999999,,
2022-03-24 13:00:00,26019.409,28633.258999999998,,
2022-03-24 13:00:00,26019.409,28633.258999999998,,
2022-03-23 17:00:00,27122.59,28636.616999999998,,
2022-03-23 17:00:00,27122.59,28636.616999999998,,
2022-03-24 17:00:00,27023.246999999999,28732.383999999998,,
2022-03-24 17:00:00,27023.246999999999,28732.383999999998,,
2022-03-24 08:00:00,26926.223999999998,28743.507000000001,,
2022-03-24 08:00:00,26926.223999999998,28743.507000000001,,
2022-03-24 12:00:00,26296.403999999999,28919.368999999999,,
2022-03-24 12:00:00,26296.403999999999,28919.368999999999,,
2022-03-24 11:00:00,26454.391,29005.689999999999,,
2022-03-24 11:00:00,26454.391,29005.689999999999,,
2022-03-24 09:00:00,26818.780999999999,29028.804,,
2022-03-24 09:00:00,26818.780999999999,29028.804,,
2022-03-24 10:00:00,26646.706999999999,29068.942999999999,,
2022-03-24 10:00:00,26646.706999999999,29068.942999999999,,
2022-03-22 19:00:00,27946.409,29105.241000000002,,
2022-03-22 19:00:00,27946.409,29105.241000000002,,
2022-03-23 19:00:00,28106.589,29439.196,,
2022-03-23 19:00:00,28106.589,29439.196,,
2022-03-22 18:00:00,28510.150000000001,29616.93,,
2022-03-22 18:00:00,28510.150000000001,29616.93,,
2022-03-23 18:00:00,28577.766,29881.892,,
2022-03-23 18:00:00,28577.766,29881.892,,
2022-03-24 19:00:00,28561.553,29984.650000000001,,
2022-03-24 19:00:00,28561.553,29984.650000000001,,
2022-03-24 18:00:00,28678.331999999999,30116.612000000001,,
2022-03-24 18:00:00,28678.331999999999,30116.612000000001,,
