,DateTimeKey,Available Capacity Incl Non Comm Units,Available_Capacity_Incl_Non_Comm_Units_Incl_Total_RE,Residual Demand,RSA Contracted Demand,Unnamed: 0.26,Unnamed: 0.25,Unnamed: 0.24,Unnamed: 0.23,Unnamed: 0.22,Unnamed: 0.21,Unnamed: 0.20,Unnamed: 0.19,Unnamed: 0.18,Unnamed: 0.17,Unnamed: 0.16,Unnamed: 0.15,Unnamed: 0.14,Unnamed: 0.13,Unnamed: 0.12,Unnamed: 0.11,Unnamed: 0.10,Unnamed: 0.9,Unnamed: 0.8,Unnamed: 0.3,Unnamed: 0.2,Unnamed: 0.1,Unnamed: 0,Unnamed: 0.4,Unnamed: 0.5,Unnamed: 0.6,Unnamed: 0.7
0,2022-02-27 00:00:00,30289.925,31772.925,20715.602,22198.982,0.0,0.0,0.0,0.0,0.0,0.0,0.0,0.0,0.0,0.0,0.0,0.0,0.0,0.0,0.0,0.0,0.0,0.0,0.0,336.0,336.0,0.0,0.0,,,,
1,2022-02-27 01:00:00,30185.058,31653.058,20246.202,21714.362,1.0,1.0,1.0,1.0,1.0,1.0,1.0,1.0,1.0,1.0,1.0,1.0,1.0,1.0,1.0,1.0,1.0,1.0,1.0,337.0,337.0,1.0,1.0,,,,
2,2022-02-27 02:00:00,30402.844,31822.844,20105.468,21525.715,2.0,2.0,2.0,2.0,2.0,2.0,2.0,2.0,2.0,2.0,2.0,2.0,2.0,2.0,2.0,2.0,2.0,2.0,2.0,338.0,338.0,2.0,2.0,,,,
3,2022-02-27 03:00:00,31086.368,32464.368,20139.238,21516.877,3.0,3.0,3.0,3.0,3.0,3.0,3.0,3.0,3.0,3.0,3.0,3.0,3.0,3.0,3.0,3.0,3.0,3.0,3.0,339.0,339.0,3.0,3.0,,,,
4,2022-02-27 04:00:00,31200.588,32586.588,20259.602,21645.362,4.0,4.0,4.0,4.0,4.0,4.0,4.0,4.0,4.0,4.0,4.0,4.0,4.0,4.0,4.0,4.0,4.0,4.0,4.0,340.0,340.0,4.0,4.0,,,,
5,2022-02-27 05:00:00,30935.767,32225.767,20695.468,21985.1,5.0,5.0,5.0,5.0,5.0,5.0,5.0,5.0,5.0,5.0,5.0,5.0,5.0,5.0,5.0,5.0,5.0,5.0,5.0,341.0,341.0,5.0,5.0,,,,
6,2022-02-27 06:00:00,31059.182,32439.182,21651.735,23031.888,6.0,6.0,6.0,6.0,6.0,6.0,6.0,6.0,6.0,6.0,6.0,6.0,6.0,6.0,6.0,6.0,6.0,6.0,6.0,342.0,342.0,6.0,6.0,,,,
7,2022-02-27 07:00:00,31164.111,33062.111000000004,22765.468,24663.219,7.0,7.0,7.0,7.0,7.0,7.0,7.0,7.0,7.0,7.0,7.0,7.0,7.0,7.0,7.0,7.0,7.0,7.0,7.0,343.0,343.0,7.0,7.0,,,,
8,2022-02-27 08:00:00,31226.867,33724.867,23440.275,25938.131,8.0,8.0,8.0,8.0,8.0,8.0,8.0,8.0,8.0,8.0,8.0,8.0,8.0,8.0,8.0,8.0,8.0,8.0,8.0,344.0,344.0,8.0,8.0,,,,
9,2022-02-27 09:00:00,31357.676,34240.676,23656.468,26539.102,9.0,9.0,9.0,9.0,9.0,9.0,9.0,9.0,9.0,9.0,9.0,9.0,9.0,9.0,9.0,9.0,9.0,9.0,9.0,345.0,345.0,9.0,9.0,,,,
10,2022-02-27 10:00:00,31422.032,34446.032,23473.602,26497.659,10.0,10.0,10.0,10.0,10.0,10.0,10.0,10.0,10.0,10.0,10.0,10.0,10.0,10.0,10.0,10.0,10.0,10.0,10.0,346.0,346.0,10.0,10.0,,,,
11,2022-02-27 11:00:00,31322.227,34412.227,23217.468,26307.672,11.0,11.0,11.0,11.0,11.0,11.0,11.0,11.0,11.0,11.0,11.0,11.0,11.0,11.0,11.0,11.0,11.0,11.0,11.0,347.0,347.0,11.0,11.0,,,,
12,2022-02-27 12:00:00,31464.264,34563.264,23150.392,26249.609,12.0,12.0,12.0,12.0,12.0,12.0,12.0,12.0,12.0,12.0,12.0,12.0,12.0,12.0,12.0,12.0,12.0,12.0,12.0,348.0,348.0,12.0,12.0,,,,
13,2022-02-27 13:00:00,31453.007,34433.007,23063.602,26043.625,13.0,13.0,13.0,13.0,13.0,13.0,13.0,13.0,13.0,13.0,13.0,13.0,13.0,13.0,13.0,13.0,13.0,13.0,13.0,349.0,349.0,13.0,13.0,,,,
14,2022-02-27 14:00:00,31549.592,34550.592000000004,22714.502,25715.099,14.0,14.0,14.0,14.0,14.0,14.0,14.0,14.0,14.0,14.0,14.0,14.0,14.0,14.0,14.0,14.0,14.0,14.0,14.0,350.0,350.0,14.0,14.0,,,,
15,2022-02-27 15:00:00,31496.612,34387.612,22785.868,25677.104,15.0,15.0,15.0,15.0,15.0,15.0,15.0,15.0,15.0,15.0,15.0,15.0,15.0,15.0,15.0,15.0,15.0,15.0,15.0,351.0,351.0,15.0,15.0,,,,
16,2022-02-27 16:00:00,30516.876,33318.876000000004,23176.468,25978.815,16.0,16.0,16.0,16.0,16.0,16.0,16.0,16.0,16.0,16.0,16.0,16.0,16.0,16.0,16.0,16.0,16.0,16.0,16.0,352.0,352.0,16.0,16.0,,,,
17,2022-02-27 17:00:00,30545.93,33237.93,23671.135,26363.586,17.0,17.0,17.0,17.0,17.0,17.0,17.0,17.0,17.0,17.0,17.0,17.0,17.0,17.0,17.0,17.0,17.0,17.0,17.0,353.0,353.0,17.0,17.0,,,,
18,2022-02-27 18:00:00,30473.124,32651.124,24851.602,27029.271,18.0,18.0,18.0,18.0,18.0,18.0,18.0,18.0,18.0,18.0,18.0,18.0,18.0,18.0,18.0,18.0,18.0,18.0,18.0,354.0,354.0,18.0,18.0,,,,
19,2022-02-27 19:00:00,30482.861,32431.861,25739.118,27687.743,19.0,19.0,19.0,19.0,19.0,19.0,19.0,19.0,19.0,19.0,19.0,19.0,19.0,19.0,19.0,19.0,19.0,19.0,19.0,355.0,355.0,19.0,19.0,,,,
20,2022-02-27 20:00:00,30485.606,32314.606,24381.468,26210.036,20.0,20.0,20.0,20.0,20.0,20.0,20.0,20.0,20.0,20.0,20.0,20.0,20.0,20.0,20.0,20.0,20.0,20.0,20.0,356.0,356.0,20.0,20.0,,,,
21,2022-02-27 21:00:00,30378.419,32245.419,22610.365,24477.525,21.0,21.0,21.0,21.0,21.0,21.0,21.0,21.0,21.0,21.0,21.0,21.0,21.0,21.0,21.0,21.0,21.0,21.0,21.0,357.0,357.0,21.0,21.0,,,,
22,2022-02-27 22:00:00,30273.219,31681.219,21797.468,23205.85,22.0,22.0,22.0,22.0,22.0,22.0,22.0,22.0,22.0,22.0,22.0,22.0,22.0,22.0,22.0,22.0,22.0,22.0,22.0,358.0,358.0,22.0,22.0,,,,
23,2022-02-27 23:00:00,30539.732,31768.732,21138.499,22367.811,23.0,23.0,23.0,23.0,23.0,23.0,23.0,23.0,23.0,23.0,23.0,23.0,23.0,23.0,23.0,23.0,23.0,23.0,23.0,359.0,359.0,23.0,23.0,,,,
24,2022-02-28 00:00:00,30723.863,31834.863,20546.478,21657.268,24.0,24.0,24.0,24.0,24.0,24.0,24.0,24.0,24.0,24.0,24.0,24.0,24.0,24.0,24.0,24.0,24.0,24.0,24.0,360.0,360.0,24.0,24.0,,,,
25,2022-02-28 01:00:00,30795.782,31822.782,20485.407,21512.529,25.0,25.0,25.0,25.0,25.0,25.0,25.0,25.0,25.0,25.0,25.0,25.0,25.0,25.0,25.0,25.0,25.0,25.0,25.0,361.0,361.0,25.0,25.0,,,,
26,2022-02-28 02:00:00,31168.932,32047.932,20612.535,21491.168,26.0,26.0,26.0,26.0,26.0,26.0,26.0,26.0,26.0,26.0,26.0,26.0,26.0,26.0,26.0,26.0,26.0,26.0,26.0,362.0,362.0,26.0,26.0,,,,
27,2022-02-28 03:00:00,31065.424,31865.424,20776.318,21576.218,27.0,27.0,27.0,27.0,27.0,27.0,27.0,27.0,27.0,27.0,27.0,27.0,27.0,27.0,27.0,27.0,27.0,27.0,27.0,363.0,363.0,27.0,27.0,,,,
28,2022-02-28 04:00:00,31035.061,31864.061,22001.892,22831.265,28.0,28.0,28.0,28.0,28.0,28.0,28.0,28.0,28.0,28.0,28.0,28.0,28.0,28.0,28.0,28.0,28.0,28.0,28.0,364.0,364.0,28.0,28.0,,,,
29,2022-02-28 05:00:00,30615.785,31483.785,24531.095,25399.262,29.0,29.0,29.0,29.0,29.0,29.0,29.0,29.0,29.0,29.0,29.0,29.0,29.0,29.0,29.0,29.0,29.0,29.0,29.0,365.0,365.0,29.0,29.0,,,,
30,2022-02-28 06:00:00,30585.422,31354.422,26081.602,26850.403,30.0,30.0,30.0,30.0,30.0,30.0,30.0,30.0,30.0,30.0,30.0,30.0,30.0,30.0,30.0,30.0,30.0,30.0,30.0,366.0,366.0,30.0,30.0,,,,
31,2022-02-28 07:00:00,30488.211,31462.211,25421.335,26395.737,31.0,31.0,31.0,31.0,31.0,31.0,31.0,31.0,31.0,31.0,31.0,31.0,31.0,31.0,31.0,31.0,31.0,31.0,31.0,367.0,367.0,31.0,31.0,,,,
32,2022-02-28 08:00:00,30826.87,32349.87,25718.602,27241.705,32.0,32.0,32.0,32.0,32.0,32.0,32.0,32.0,32.0,32.0,32.0,32.0,32.0,32.0,32.0,32.0,32.0,32.0,32.0,368.0,368.0,32.0,32.0,,,,
33,2022-02-28 09:00:00,31030.07,32773.07,25858.468,27601.149,33.0,33.0,33.0,33.0,33.0,33.0,33.0,33.0,33.0,33.0,33.0,33.0,33.0,33.0,33.0,33.0,33.0,33.0,33.0,369.0,369.0,33.0,33.0,,,,
34,2022-02-28 10:00:00,30845.384,33009.384,25603.468,27767.547,34.0,34.0,34.0,34.0,34.0,34.0,34.0,34.0,34.0,34.0,34.0,34.0,34.0,34.0,34.0,34.0,34.0,34.0,34.0,370.0,370.0,34.0,34.0,,,,
35,2022-02-28 11:00:00,31001.034,33471.034,25278.602,27748.35,35.0,35.0,35.0,35.0,35.0,35.0,35.0,35.0,35.0,35.0,35.0,35.0,35.0,35.0,35.0,35.0,35.0,35.0,35.0,371.0,371.0,35.0,35.0,,,,
36,2022-02-28 12:00:00,31073.99,33692.990000000005,24956.202,27574.794,36.0,36.0,36.0,36.0,36.0,36.0,36.0,36.0,36.0,36.0,36.0,36.0,36.0,36.0,36.0,36.0,36.0,36.0,36.0,372.0,372.0,36.0,36.0,,,,
37,2022-02-28 13:00:00,30797.159,33383.159,24896.602,27482.256,37.0,37.0,37.0,37.0,37.0,37.0,37.0,37.0,37.0,37.0,37.0,37.0,37.0,37.0,37.0,37.0,37.0,37.0,37.0,373.0,373.0,37.0,37.0,,,,
38,2022-02-28 14:00:00,30760.397,33258.397,25339.192,27837.138,38.0,38.0,38.0,38.0,38.0,38.0,38.0,38.0,38.0,38.0,38.0,38.0,38.0,38.0,38.0,38.0,38.0,38.0,38.0,374.0,374.0,38.0,38.0,,,,
39,2022-02-28 15:00:00,30581.057,32948.057,25946.859,28313.374,39.0,39.0,39.0,39.0,39.0,39.0,39.0,39.0,39.0,39.0,39.0,39.0,39.0,39.0,39.0,39.0,39.0,39.0,39.0,375.0,375.0,39.0,39.0,,,,
40,2022-02-28 16:00:00,30610.494,32998.494,26262.308,28650.679,40.0,40.0,40.0,40.0,40.0,40.0,40.0,40.0,40.0,40.0,40.0,40.0,40.0,40.0,40.0,40.0,40.0,40.0,40.0,376.0,376.0,40.0,40.0,,,,
41,2022-02-28 17:00:00,30659.451,32636.451,26758.334,28735.077,41.0,41.0,41.0,41.0,41.0,41.0,41.0,41.0,41.0,41.0,41.0,41.0,41.0,41.0,41.0,41.0,41.0,41.0,41.0,377.0,377.0,41.0,41.0,,,,
42,2022-02-28 18:00:00,30563.298,32066.298,27418.298,28921.202,42.0,42.0,42.0,42.0,42.0,42.0,42.0,42.0,42.0,42.0,42.0,42.0,42.0,42.0,42.0,42.0,42.0,42.0,42.0,378.0,378.0,42.0,42.0,,,,
43,2022-02-28 19:00:00,30920.813,32251.813,28168.834,29500.103,43.0,43.0,43.0,43.0,43.0,43.0,43.0,43.0,43.0,43.0,43.0,43.0,43.0,43.0,43.0,43.0,43.0,43.0,43.0,379.0,379.0,43.0,43.0,,,,
44,2022-02-28 20:00:00,31000.198,32207.198,26595.24,27801.959,44.0,44.0,44.0,44.0,44.0,44.0,44.0,44.0,44.0,44.0,44.0,44.0,44.0,44.0,44.0,44.0,44.0,44.0,44.0,380.0,380.0,44.0,44.0,,,,
45,2022-02-28 21:00:00,30605.267,31603.267,24801.284,25799.128,45.0,45.0,45.0,45.0,45.0,45.0,45.0,45.0,45.0,45.0,45.0,45.0,45.0,45.0,45.0,45.0,45.0,45.0,45.0,381.0,381.0,45.0,45.0,,,,
46,2022-02-28 22:00:00,30190.469,30978.469,23618.031,24406.38,46.0,46.0,46.0,46.0,46.0,46.0,46.0,46.0,46.0,46.0,46.0,46.0,46.0,46.0,46.0,46.0,46.0,46.0,46.0,382.0,382.0,46.0,46.0,,,,
47,2022-02-28 23:00:00,30224.588,31041.588,22821.167,23637.858,47.0,47.0,47.0,47.0,47.0,47.0,47.0,47.0,47.0,47.0,47.0,47.0,47.0,47.0,47.0,47.0,47.0,47.0,47.0,383.0,383.0,47.0,47.0,,,,
48,2022-03-01 00:00:00,30476.601,31208.601,21836.551,22568.207,48.0,48.0,48.0,48.0,48.0,48.0,48.0,48.0,48.0,48.0,48.0,48.0,48.0,48.0,48.0,48.0,48.0,48.0,48.0,384.0,384.0,48.0,48.0,,,,
49,2022-03-01 01:00:00,30658.33,31106.33,21829.668,22277.639,49.0,49.0,49.0,49.0,49.0,49.0,49.0,49.0,49.0,49.0,49.0,49.0,49.0,49.0,49.0,49.0,49.0,49.0,49.0,385.0,385.0,49.0,49.0,,,,
50,2022-03-01 02:00:00,30504.497,30882.497,21706.335,22084.714,50.0,50.0,50.0,50.0,50.0,50.0,50.0,50.0,50.0,50.0,50.0,50.0,50.0,50.0,50.0,50.0,50.0,50.0,50.0,386.0,386.0,50.0,50.0,,,,
51,2022-03-01 03:00:00,30062.477,30368.477,21945.735,22251.259,51.0,51.0,51.0,51.0,51.0,51.0,51.0,51.0,51.0,51.0,51.0,51.0,51.0,51.0,51.0,51.0,51.0,51.0,51.0,387.0,387.0,51.0,51.0,,,,
52,2022-03-01 04:00:00,30006.592,30279.592,23217.005,23490.218,52.0,52.0,52.0,52.0,52.0,52.0,52.0,52.0,52.0,52.0,52.0,52.0,52.0,52.0,52.0,52.0,52.0,52.0,52.0,388.0,388.0,52.0,52.0,,,,
53,2022-03-01 05:00:00,29534.646,29815.646,25690.019,25971.02,53.0,53.0,53.0,53.0,53.0,53.0,53.0,53.0,53.0,53.0,53.0,53.0,53.0,53.0,53.0,53.0,53.0,53.0,53.0,389.0,389.0,53.0,53.0,,,,
54,2022-03-01 06:00:00,29372.091,29809.091,26754.075,27191.459,54.0,54.0,54.0,54.0,54.0,54.0,54.0,54.0,54.0,54.0,54.0,54.0,54.0,54.0,54.0,54.0,54.0,54.0,54.0,390.0,390.0,54.0,54.0,,,,
55,2022-03-01 07:00:00,30451.032,31449.032,25836.651,26834.169,55.0,55.0,55.0,55.0,55.0,55.0,55.0,55.0,55.0,55.0,55.0,55.0,55.0,55.0,55.0,55.0,55.0,55.0,55.0,391.0,391.0,55.0,55.0,,,,
56,2022-03-01 08:00:00,30407.23,32131.23,25637.332,27361.375,56.0,56.0,56.0,56.0,56.0,56.0,56.0,56.0,56.0,56.0,56.0,56.0,56.0,56.0,56.0,56.0,56.0,56.0,56.0,392.0,392.0,56.0,56.0,,,,
57,2022-03-01 09:00:00,30194.869,32490.869,25083.298,27379.734,57.0,57.0,57.0,57.0,57.0,57.0,57.0,57.0,57.0,57.0,57.0,57.0,57.0,57.0,57.0,57.0,57.0,57.0,57.0,393.0,393.0,57.0,57.0,,,,
58,2022-03-01 10:00:00,30509.211,33170.211,24720.056,27380.805,58.0,58.0,58.0,58.0,58.0,58.0,58.0,58.0,58.0,58.0,58.0,58.0,58.0,58.0,58.0,58.0,58.0,58.0,58.0,394.0,394.0,58.0,58.0,,,,
59,2022-03-01 11:00:00,29974.265,32881.265,24482.166,27388.853,59.0,59.0,59.0,59.0,59.0,59.0,59.0,59.0,59.0,59.0,59.0,59.0,59.0,59.0,59.0,59.0,59.0,59.0,59.0,395.0,395.0,59.0,59.0,,,,
60,2022-03-01 12:00:00,29910.383,32906.383,24193.492,27189.34,60.0,60.0,60.0,60.0,60.0,60.0,60.0,60.0,60.0,60.0,60.0,60.0,60.0,60.0,60.0,60.0,60.0,60.0,60.0,396.0,396.0,60.0,60.0,,,,
61,2022-03-01 13:00:00,29893.061,32873.061,24415.0,27394.996,61.0,61.0,61.0,61.0,61.0,61.0,61.0,61.0,61.0,61.0,61.0,61.0,61.0,61.0,61.0,61.0,61.0,61.0,61.0,397.0,397.0,61.0,61.0,,,,
62,2022-03-01 14:00:00,29765.566,32661.566,24840.99,27737.315,62.0,62.0,62.0,62.0,62.0,62.0,62.0,62.0,62.0,62.0,62.0,62.0,62.0,62.0,62.0,62.0,62.0,62.0,62.0,398.0,398.0,62.0,62.0,,,,
63,2022-03-01 15:00:00,30258.402,32988.402,25544.865,28274.595,63.0,63.0,63.0,63.0,63.0,63.0,63.0,63.0,63.0,63.0,63.0,63.0,63.0,63.0,63.0,63.0,63.0,63.0,63.0,399.0,399.0,63.0,63.0,,,,
64,2022-03-01 16:00:00,30494.195,32854.195,26313.207,28673.325,64.0,64.0,64.0,64.0,64.0,64.0,64.0,64.0,64.0,64.0,64.0,64.0,64.0,64.0,64.0,64.0,64.0,64.0,64.0,400.0,400.0,64.0,64.0,,,,
65,2022-03-01 17:00:00,30576.459,32769.459,26358.594,28551.697,65.0,65.0,65.0,65.0,65.0,65.0,65.0,65.0,65.0,65.0,65.0,65.0,65.0,65.0,65.0,65.0,65.0,65.0,65.0,401.0,401.0,65.0,65.0,,,,
66,2022-03-01 18:00:00,30509.343,32551.343,26767.019,28809.503,66.0,66.0,66.0,66.0,66.0,66.0,66.0,66.0,66.0,66.0,66.0,66.0,66.0,66.0,66.0,66.0,66.0,66.0,66.0,402.0,402.0,66.0,66.0,,,,
67,2022-03-01 19:00:00,30274.537,32030.537,27944.677,29701.002,67.0,67.0,67.0,67.0,67.0,67.0,67.0,67.0,67.0,67.0,67.0,67.0,67.0,67.0,67.0,67.0,67.0,67.0,67.0,403.0,403.0,67.0,67.0,,,,
68,2022-03-01 20:00:00,30195.798,31796.798,26513.359,28114.162,68.0,68.0,68.0,68.0,68.0,68.0,68.0,68.0,68.0,68.0,68.0,68.0,68.0,68.0,68.0,68.0,68.0,68.0,68.0,404.0,404.0,68.0,68.0,,,,
69,2022-03-01 21:00:00,30263.729,31971.729,24092.553,25801.04,69.0,69.0,69.0,69.0,69.0,69.0,69.0,69.0,69.0,69.0,69.0,69.0,69.0,69.0,69.0,69.0,69.0,69.0,69.0,405.0,405.0,69.0,69.0,,,,
70,2022-03-01 22:00:00,30449.279,31994.279,22634.734,24179.925,70.0,70.0,70.0,70.0,70.0,70.0,70.0,70.0,70.0,70.0,70.0,70.0,70.0,70.0,70.0,70.0,70.0,70.0,70.0,406.0,406.0,70.0,70.0,,,,
71,2022-03-01 23:00:00,29528.042,30641.042,22028.272,23141.033,71.0,71.0,71.0,71.0,71.0,71.0,71.0,71.0,71.0,71.0,71.0,71.0,71.0,71.0,71.0,71.0,71.0,71.0,71.0,407.0,407.0,71.0,71.0,,,,
72,2022-03-02 00:00:00,29524.279,30507.279,21654.769,22637.34,72.0,72.0,72.0,72.0,72.0,72.0,72.0,72.0,72.0,72.0,72.0,72.0,72.0,72.0,72.0,72.0,72.0,72.0,72.0,408.0,408.0,72.0,72.0,,,,
73,2022-03-02 01:00:00,29301.818,30289.818,21318.27,22306.133,73.0,73.0,73.0,73.0,73.0,73.0,73.0,73.0,73.0,73.0,73.0,73.0,73.0,73.0,73.0,73.0,73.0,73.0,73.0,409.0,409.0,73.0,73.0,,,,
74,2022-03-02 02:00:00,29465.729,30234.729,21369.19,22137.87,74.0,74.0,74.0,74.0,74.0,74.0,74.0,74.0,74.0,74.0,74.0,74.0,74.0,74.0,74.0,74.0,74.0,74.0,74.0,410.0,410.0,74.0,74.0,,,,
75,2022-03-02 03:00:00,29761.133,30624.133,21405.284,22267.813,75.0,75.0,75.0,75.0,75.0,75.0,75.0,75.0,75.0,75.0,75.0,75.0,75.0,75.0,75.0,75.0,75.0,75.0,75.0,411.0,411.0,75.0,75.0,,,,
76,2022-03-02 04:00:00,30929.667,31806.667,22798.328,23675.734,76.0,76.0,76.0,76.0,76.0,76.0,76.0,76.0,76.0,76.0,76.0,76.0,76.0,76.0,76.0,76.0,76.0,76.0,76.0,412.0,412.0,76.0,76.0,,,,
77,2022-03-02 05:00:00,31531.389,32281.389,25341.76,26091.561,77.0,77.0,77.0,77.0,77.0,77.0,77.0,77.0,77.0,77.0,77.0,77.0,77.0,77.0,77.0,77.0,77.0,77.0,77.0,413.0,413.0,77.0,77.0,,,,
78,2022-03-02 06:00:00,31271.116,31983.116,26433.795,27145.839,78.0,78.0,78.0,78.0,78.0,78.0,78.0,78.0,78.0,78.0,78.0,78.0,78.0,78.0,78.0,78.0,78.0,78.0,78.0,414.0,414.0,78.0,78.0,,,,
79,2022-03-02 07:00:00,31207.461,32559.461,25518.411,26870.897,79.0,79.0,79.0,79.0,79.0,79.0,79.0,79.0,79.0,79.0,79.0,79.0,79.0,79.0,79.0,79.0,79.0,79.0,79.0,415.0,415.0,79.0,79.0,,,,
80,2022-03-02 08:00:00,30550.168,32847.168000000005,25179.751,27476.811,80.0,80.0,80.0,80.0,80.0,80.0,80.0,80.0,80.0,80.0,80.0,80.0,80.0,80.0,80.0,80.0,80.0,80.0,80.0,416.0,416.0,80.0,80.0,,,,
81,2022-03-02 09:00:00,30492.731,33378.731,24701.757,27587.599,81.0,81.0,81.0,81.0,81.0,81.0,81.0,81.0,81.0,81.0,81.0,81.0,81.0,81.0,81.0,81.0,81.0,81.0,81.0,417.0,417.0,81.0,81.0,,,,
82,2022-03-02 10:00:00,30552.45,33705.45,24472.068,27624.869,82.0,82.0,82.0,82.0,82.0,82.0,82.0,82.0,82.0,82.0,82.0,82.0,82.0,82.0,82.0,82.0,82.0,82.0,82.0,418.0,418.0,82.0,82.0,,,,
83,2022-03-02 11:00:00,30558.338,33929.338,24578.478,27949.966,83.0,83.0,83.0,83.0,83.0,83.0,83.0,83.0,83.0,83.0,83.0,83.0,83.0,83.0,83.0,83.0,83.0,83.0,83.0,419.0,419.0,83.0,83.0,,,,
84,2022-03-02 12:00:00,30142.526,33640.526,24056.201,27553.912,84.0,84.0,84.0,84.0,84.0,84.0,84.0,84.0,84.0,84.0,84.0,84.0,84.0,84.0,84.0,84.0,84.0,84.0,84.0,420.0,420.0,84.0,84.0,,,,
85,2022-03-02 13:00:00,29610.128,33180.128,23918.468,27488.055,85.0,85.0,85.0,85.0,85.0,85.0,85.0,85.0,85.0,85.0,85.0,85.0,85.0,85.0,85.0,85.0,85.0,85.0,85.0,421.0,421.0,85.0,85.0,,,,
86,2022-03-02 14:00:00,29325.662,32885.662,24108.978,27669.091,86.0,86.0,86.0,86.0,86.0,86.0,86.0,86.0,86.0,86.0,86.0,86.0,86.0,86.0,86.0,86.0,86.0,86.0,86.0,422.0,422.0,86.0,86.0,,,,
87,2022-03-02 15:00:00,29746.02,33212.020000000004,24650.508,28116.307,87.0,87.0,87.0,87.0,87.0,87.0,87.0,87.0,87.0,87.0,87.0,87.0,87.0,87.0,87.0,87.0,87.0,87.0,87.0,423.0,423.0,87.0,87.0,,,,
88,2022-03-02 16:00:00,30236.7,33584.7,25075.926,28424.041,88.0,88.0,88.0,88.0,88.0,88.0,88.0,88.0,88.0,88.0,88.0,88.0,88.0,88.0,88.0,88.0,88.0,88.0,88.0,424.0,424.0,88.0,88.0,,,,
89,2022-03-02 17:00:00,30464.863,33698.863,25037.556,28271.991,89.0,89.0,89.0,89.0,89.0,89.0,89.0,89.0,89.0,89.0,89.0,89.0,89.0,89.0,89.0,89.0,89.0,89.0,89.0,425.0,425.0,89.0,89.0,,,,
90,2022-03-02 18:00:00,30531.285,32801.285,26315.486,28585.106,90.0,90.0,90.0,90.0,90.0,90.0,90.0,90.0,90.0,90.0,90.0,90.0,90.0,90.0,90.0,90.0,90.0,90.0,90.0,426.0,426.0,90.0,90.0,,,,
91,2022-03-02 19:00:00,30590.62,32325.62,27748.608,29483.139,91.0,91.0,91.0,91.0,91.0,91.0,91.0,91.0,91.0,91.0,91.0,91.0,91.0,91.0,91.0,91.0,91.0,91.0,91.0,427.0,427.0,91.0,91.0,,,,
92,2022-03-02 20:00:00,30530.167,32084.167,26310.416,27864.366,92.0,92.0,92.0,92.0,92.0,92.0,92.0,92.0,92.0,92.0,92.0,92.0,92.0,92.0,92.0,92.0,92.0,92.0,92.0,428.0,428.0,92.0,92.0,,,,
93,2022-03-02 21:00:00,30433.675,31700.675,24668.692,25935.96,93.0,93.0,93.0,93.0,93.0,93.0,93.0,93.0,93.0,93.0,93.0,93.0,93.0,93.0,93.0,93.0,93.0,93.0,93.0,429.0,429.0,93.0,93.0,,,,
94,2022-03-02 22:00:00,30520.197,31326.197,23444.825,24250.677,94.0,94.0,94.0,94.0,94.0,94.0,94.0,94.0,94.0,94.0,94.0,94.0,94.0,94.0,94.0,94.0,94.0,94.0,94.0,430.0,430.0,94.0,94.0,,,,
95,2022-03-02 23:00:00,30527.797,31151.797,22590.539,23214.809,95.0,95.0,95.0,95.0,95.0,95.0,95.0,95.0,95.0,95.0,95.0,95.0,95.0,95.0,95.0,95.0,95.0,95.0,95.0,431.0,431.0,95.0,95.0,,,,
96,2022-03-03 00:00:00,30360.308,30898.308,22142.335,22680.615,96.0,96.0,96.0,96.0,96.0,96.0,96.0,96.0,96.0,96.0,96.0,96.0,96.0,96.0,96.0,96.0,96.0,96.0,96.0,432.0,432.0,96.0,96.0,,,,
97,2022-03-03 01:00:00,30251.984,30769.984,21837.81,22355.906,97.0,97.0,97.0,97.0,97.0,97.0,97.0,97.0,97.0,97.0,97.0,97.0,97.0,97.0,97.0,97.0,97.0,97.0,97.0,433.0,433.0,97.0,97.0,,,,
98,2022-03-03 02:00:00,30577.451,31049.451,21738.201,22210.429,98.0,98.0,98.0,98.0,98.0,98.0,98.0,98.0,98.0,98.0,98.0,98.0,98.0,98.0,98.0,98.0,98.0,98.0,98.0,434.0,434.0,98.0,98.0,,,,
99,2022-03-03 03:00:00,31408.754,31785.754,22159.675,22536.377,99.0,99.0,99.0,99.0,99.0,99.0,99.0,99.0,99.0,99.0,99.0,99.0,99.0,99.0,99.0,99.0,99.0,99.0,99.0,435.0,435.0,99.0,99.0,,,,
100,2022-03-03 04:00:00,31709.003,32049.003,23532.335,23872.336,100.0,100.0,100.0,100.0,100.0,100.0,100.0,100.0,100.0,100.0,100.0,100.0,100.0,100.0,100.0,100.0,100.0,100.0,100.0,436.0,436.0,100.0,100.0,,,,
101,2022-03-03 05:00:00,31871.1,32163.1,26043.935,26336.278,101.0,101.0,101.0,101.0,101.0,101.0,101.0,101.0,101.0,101.0,101.0,101.0,101.0,101.0,101.0,101.0,101.0,101.0,101.0,437.0,437.0,101.0,101.0,,,,
102,2022-03-03 06:00:00,31393.257,31691.257,27157.935,27456.08,102.0,102.0,102.0,102.0,102.0,102.0,102.0,102.0,102.0,102.0,102.0,102.0,102.0,102.0,102.0,102.0,102.0,102.0,102.0,438.0,438.0,102.0,102.0,,,,
103,2022-03-03 07:00:00,31101.615,31705.615,26332.068,26936.005,103.0,103.0,103.0,103.0,103.0,103.0,103.0,103.0,103.0,103.0,103.0,103.0,103.0,103.0,103.0,103.0,103.0,103.0,103.0,439.0,439.0,103.0,103.0,,,,
104,2022-03-03 08:00:00,31196.875,32229.875,26444.335,27477.296,104.0,104.0,104.0,104.0,104.0,104.0,104.0,104.0,104.0,104.0,104.0,104.0,104.0,104.0,104.0,104.0,104.0,104.0,104.0,440.0,440.0,104.0,104.0,,,,
105,2022-03-03 09:00:00,31134.206,32470.206,26228.935,27565.294,105.0,105.0,105.0,105.0,105.0,105.0,105.0,105.0,105.0,105.0,105.0,105.0,105.0,105.0,105.0,105.0,105.0,105.0,105.0,441.0,441.0,105.0,105.0,,,,
106,2022-03-03 10:00:00,30928.249,32738.249,25716.908,27527.326,106.0,106.0,106.0,106.0,106.0,106.0,106.0,106.0,106.0,106.0,106.0,106.0,106.0,106.0,106.0,106.0,106.0,106.0,106.0,442.0,442.0,106.0,106.0,,,,
107,2022-03-03 11:00:00,30959.79,32923.79,25644.311,27608.153,107.0,107.0,107.0,107.0,107.0,107.0,107.0,107.0,107.0,107.0,107.0,107.0,107.0,107.0,107.0,107.0,107.0,107.0,107.0,443.0,443.0,107.0,107.0,,,,
108,2022-03-03 12:00:00,30820.91,32691.91,25834.165,27705.071,108.0,108.0,108.0,108.0,108.0,108.0,108.0,108.0,108.0,108.0,108.0,108.0,108.0,108.0,108.0,108.0,108.0,108.0,108.0,444.0,444.0,108.0,108.0,,,,
109,2022-03-03 13:00:00,30563.477,32681.477,25524.534,27642.235,109.0,109.0,109.0,109.0,109.0,109.0,109.0,109.0,109.0,109.0,109.0,109.0,109.0,109.0,109.0,109.0,109.0,109.0,109.0,445.0,445.0,109.0,109.0,,,,
110,2022-03-03 14:00:00,30449.706,32582.706,25746.801,27879.961,110.0,110.0,110.0,110.0,110.0,110.0,110.0,110.0,110.0,110.0,110.0,110.0,110.0,110.0,110.0,110.0,110.0,110.0,110.0,446.0,446.0,110.0,110.0,,,,
111,2022-03-03 15:00:00,30254.068,32167.068,26309.534,28222.124,111.0,111.0,111.0,111.0,111.0,111.0,111.0,111.0,111.0,111.0,111.0,111.0,111.0,111.0,111.0,111.0,111.0,111.0,111.0,447.0,447.0,111.0,111.0,,,,
112,2022-03-03 16:00:00,30408.786,32276.786,26638.807,28506.328,112.0,112.0,112.0,112.0,112.0,112.0,112.0,112.0,112.0,112.0,112.0,112.0,112.0,112.0,112.0,112.0,112.0,112.0,112.0,448.0,448.0,112.0,112.0,,,,
113,2022-03-03 17:00:00,30549.102,32209.102,26871.501,28531.191,113.0,113.0,113.0,113.0,113.0,113.0,113.0,113.0,113.0,113.0,113.0,113.0,113.0,113.0,113.0,113.0,113.0,113.0,113.0,449.0,449.0,113.0,113.0,,,,
114,2022-03-03 18:00:00,30624.906,32108.906,27401.101,28884.612,114.0,114.0,114.0,114.0,114.0,114.0,114.0,114.0,114.0,114.0,114.0,114.0,114.0,114.0,114.0,114.0,114.0,114.0,114.0,450.0,450.0,114.0,114.0,,,,
115,2022-03-03 19:00:00,30521.655,31908.655,27960.368,29346.979,115.0,115.0,115.0,115.0,115.0,115.0,115.0,115.0,115.0,115.0,115.0,115.0,115.0,115.0,115.0,115.0,115.0,115.0,115.0,451.0,451.0,115.0,115.0,,,,
116,2022-03-03 20:00:00,30588.507,31812.507,26721.301,27945.37,116.0,116.0,116.0,116.0,116.0,116.0,116.0,116.0,116.0,116.0,116.0,116.0,116.0,116.0,116.0,116.0,116.0,116.0,116.0,452.0,452.0,116.0,116.0,,,,
117,2022-03-03 21:00:00,30741.467,31694.467,25113.127,26066.213,117.0,117.0,117.0,117.0,117.0,117.0,117.0,117.0,117.0,117.0,117.0,117.0,117.0,117.0,117.0,117.0,117.0,117.0,117.0,453.0,453.0,117.0,117.0,,,,
118,2022-03-03 22:00:00,31053.628,31813.628,23685.801,24446.101,118.0,118.0,118.0,118.0,118.0,118.0,118.0,118.0,118.0,118.0,118.0,118.0,118.0,118.0,118.0,118.0,118.0,118.0,118.0,454.0,454.0,118.0,118.0,,,,
119,2022-03-03 23:00:00,31001.913,31719.913,22787.25,23505.325,119.0,119.0,119.0,119.0,119.0,119.0,119.0,119.0,119.0,119.0,119.0,119.0,119.0,119.0,119.0,119.0,119.0,119.0,119.0,455.0,455.0,119.0,119.0,,,,
120,2022-03-04 00:00:00,30814.892,31506.892,22173.068,22865.44,120.0,120.0,120.0,120.0,120.0,120.0,120.0,120.0,120.0,120.0,120.0,120.0,120.0,120.0,120.0,120.0,120.0,120.0,120.0,456.0,456.0,120.0,120.0,,,,
121,2022-03-04 01:00:00,31041.284,31721.284,21985.118,22665.011,121.0,121.0,121.0,121.0,121.0,121.0,121.0,121.0,121.0,121.0,121.0,121.0,121.0,121.0,121.0,121.0,121.0,121.0,121.0,457.0,457.0,121.0,121.0,,,,
122,2022-03-04 02:00:00,31046.306,31653.306,21859.085,22466.479,122.0,122.0,122.0,122.0,122.0,122.0,122.0,122.0,122.0,122.0,122.0,122.0,122.0,122.0,122.0,122.0,122.0,122.0,122.0,458.0,458.0,122.0,122.0,,,,
123,2022-03-04 03:00:00,31437.849,31993.849,22264.335,22820.26,123.0,123.0,123.0,123.0,123.0,123.0,123.0,123.0,123.0,123.0,123.0,123.0,123.0,123.0,123.0,123.0,123.0,123.0,123.0,459.0,459.0,123.0,123.0,,,,
124,2022-03-04 04:00:00,31616.661,32176.661,23502.518,24062.444,124.0,124.0,124.0,124.0,124.0,124.0,124.0,124.0,124.0,124.0,124.0,124.0,124.0,124.0,124.0,124.0,124.0,124.0,124.0,460.0,460.0,124.0,124.0,,,,
125,2022-03-04 05:00:00,31777.231,32328.231,25767.861,26319.17,125.0,125.0,125.0,125.0,125.0,125.0,125.0,125.0,125.0,125.0,125.0,125.0,125.0,125.0,125.0,125.0,125.0,125.0,125.0,461.0,461.0,125.0,125.0,,,,
126,2022-03-04 06:00:00,31539.373,32165.373,27041.668,27667.631,126.0,126.0,126.0,126.0,126.0,126.0,126.0,126.0,126.0,126.0,126.0,126.0,126.0,126.0,126.0,126.0,126.0,126.0,126.0,462.0,462.0,126.0,126.0,,,,
127,2022-03-04 07:00:00,31120.255,31980.255,26620.678,27480.205,127.0,127.0,127.0,127.0,127.0,127.0,127.0,127.0,127.0,127.0,127.0,127.0,127.0,127.0,127.0,127.0,127.0,127.0,127.0,463.0,463.0,127.0,127.0,,,,
128,2022-03-04 08:00:00,31039.634,32307.634,26792.668,28060.543,128.0,128.0,128.0,128.0,128.0,128.0,128.0,128.0,128.0,128.0,128.0,128.0,128.0,128.0,128.0,128.0,128.0,128.0,128.0,464.0,464.0,128.0,128.0,,,,
129,2022-03-04 09:00:00,30916.433,32893.433000000005,26249.668,28226.872,129.0,129.0,129.0,129.0,129.0,129.0,129.0,129.0,129.0,129.0,129.0,129.0,129.0,129.0,129.0,129.0,129.0,129.0,129.0,465.0,465.0,129.0,129.0,,,,
130,2022-03-04 10:00:00,31091.246,33335.246,26100.227,28344.324,130.0,130.0,130.0,130.0,130.0,130.0,130.0,130.0,130.0,130.0,130.0,130.0,130.0,130.0,130.0,130.0,130.0,130.0,130.0,466.0,466.0,130.0,130.0,,,,
131,2022-03-04 11:00:00,31245.823,33749.823000000004,25794.668,28298.49,131.0,131.0,131.0,131.0,131.0,131.0,131.0,131.0,131.0,131.0,131.0,131.0,131.0,131.0,131.0,131.0,131.0,131.0,131.0,467.0,467.0,131.0,131.0,,,,
132,2022-03-04 12:00:00,31587.683,34211.683000000005,25507.668,28131.627,132.0,132.0,132.0,132.0,132.0,132.0,132.0,132.0,132.0,132.0,132.0,132.0,132.0,132.0,132.0,132.0,132.0,132.0,132.0,468.0,468.0,132.0,132.0,,,,
133,2022-03-04 13:00:00,31927.11,34571.11,25040.968,27684.542,133.0,133.0,133.0,133.0,133.0,133.0,133.0,133.0,133.0,133.0,133.0,133.0,133.0,133.0,133.0,133.0,133.0,133.0,133.0,469.0,469.0,133.0,133.0,,,,
134,2022-03-04 14:00:00,31719.076,34292.076,25243.188,27816.659,134.0,134.0,134.0,134.0,134.0,134.0,134.0,134.0,134.0,134.0,134.0,134.0,134.0,134.0,134.0,134.0,134.0,134.0,134.0,470.0,470.0,134.0,134.0,,,,
135,2022-03-04 15:00:00,31432.367,33752.367,25438.801,27758.959,135.0,135.0,135.0,135.0,135.0,135.0,135.0,135.0,135.0,135.0,135.0,135.0,135.0,135.0,135.0,135.0,135.0,135.0,135.0,471.0,471.0,135.0,135.0,,,,
136,2022-03-04 16:00:00,31551.34,33760.34,25953.668,28163.01,136.0,136.0,136.0,136.0,136.0,136.0,136.0,136.0,136.0,136.0,136.0,136.0,136.0,136.0,136.0,136.0,136.0,136.0,136.0,472.0,472.0,136.0,136.0,,,,
137,2022-03-04 17:00:00,31559.517,33448.517,26073.934,27962.982,137.0,137.0,137.0,137.0,137.0,137.0,137.0,137.0,137.0,137.0,137.0,137.0,137.0,137.0,137.0,137.0,137.0,137.0,137.0,473.0,473.0,137.0,137.0,,,,
138,2022-03-04 18:00:00,31500.13,32912.130000000005,27016.941,28428.784,138.0,138.0,138.0,138.0,138.0,138.0,138.0,138.0,138.0,138.0,138.0,138.0,138.0,138.0,138.0,138.0,138.0,138.0,138.0,474.0,474.0,138.0,138.0,,,,
139,2022-03-04 19:00:00,31523.572,32821.572,27465.968,28763.959,139.0,139.0,139.0,139.0,139.0,139.0,139.0,139.0,139.0,139.0,139.0,139.0,139.0,139.0,139.0,139.0,139.0,139.0,139.0,475.0,475.0,139.0,139.0,,,,
140,2022-03-04 20:00:00,31526.243,32917.243,26172.868,27564.195,140.0,140.0,140.0,140.0,140.0,140.0,140.0,140.0,140.0,140.0,140.0,140.0,140.0,140.0,140.0,140.0,140.0,140.0,140.0,476.0,476.0,140.0,140.0,,,,
141,2022-03-04 21:00:00,31293.308,32831.308000000005,24289.035,25826.756,141.0,141.0,141.0,141.0,141.0,141.0,141.0,141.0,141.0,141.0,141.0,141.0,141.0,141.0,141.0,141.0,141.0,141.0,141.0,477.0,477.0,141.0,141.0,,,,
142,2022-03-04 22:00:00,30959.066,32333.066,23042.452,24416.903,142.0,142.0,142.0,142.0,142.0,142.0,142.0,142.0,142.0,142.0,142.0,142.0,142.0,142.0,142.0,142.0,142.0,142.0,142.0,478.0,478.0,142.0,142.0,,,,
143,2022-03-04 23:00:00,30750.24,32056.24,21936.335,23242.434,143.0,143.0,143.0,143.0,143.0,143.0,143.0,143.0,143.0,143.0,143.0,143.0,143.0,143.0,143.0,143.0,143.0,143.0,143.0,479.0,479.0,143.0,143.0,,,,
144,2022-03-06 00:00:00,29598.444,30894.444,20662.068,21958.132,144.0,144.0,144.0,144.0,144.0,144.0,144.0,144.0,144.0,144.0,144.0,144.0,144.0,144.0,144.0,144.0,144.0,144.0,0.0,,,,,,,,
145,2022-03-06 01:00:00,29374.825,30494.825,20406.068,21526.453,145.0,145.0,145.0,145.0,145.0,145.0,145.0,145.0,145.0,145.0,145.0,145.0,145.0,145.0,145.0,145.0,145.0,145.0,1.0,,,,,,,,
146,2022-03-06 02:00:00,29011.37,30009.37,20418.245,21416.395,146.0,146.0,146.0,146.0,146.0,146.0,146.0,146.0,146.0,146.0,146.0,146.0,146.0,146.0,146.0,146.0,146.0,146.0,2.0,,,,,,,,
147,2022-03-06 03:00:00,28914.233,29887.233,20438.201,21410.777,147.0,147.0,147.0,147.0,147.0,147.0,147.0,147.0,147.0,147.0,147.0,147.0,147.0,147.0,147.0,147.0,147.0,147.0,3.0,,,,,,,,
148,2022-03-06 04:00:00,29445.425,30496.425,20607.068,21657.915,148.0,148.0,148.0,148.0,148.0,148.0,148.0,148.0,148.0,148.0,148.0,148.0,148.0,148.0,148.0,148.0,148.0,148.0,4.0,,,,,,,,
149,2022-03-06 05:00:00,29473.085,30461.085,20886.801,21875.137,149.0,149.0,149.0,149.0,149.0,149.0,149.0,149.0,149.0,149.0,149.0,149.0,149.0,149.0,149.0,149.0,149.0,149.0,5.0,,,,,,,,
150,2022-03-06 06:00:00,28898.349,29891.349,22063.701,23056.897,150.0,150.0,150.0,150.0,150.0,150.0,150.0,150.0,150.0,150.0,150.0,150.0,150.0,150.0,150.0,150.0,150.0,150.0,6.0,,,,,,,,
151,2022-03-06 07:00:00,29164.382,30266.382,23751.935,24853.756,151.0,151.0,151.0,151.0,151.0,151.0,151.0,151.0,151.0,151.0,151.0,151.0,151.0,151.0,151.0,151.0,151.0,151.0,7.0,,,,,,,,
152,2022-03-06 08:00:00,28922.319,30210.319,24751.734,26039.92,152.0,152.0,152.0,152.0,152.0,152.0,152.0,152.0,152.0,152.0,152.0,152.0,152.0,152.0,152.0,152.0,152.0,152.0,8.0,,,,,,,,
153,2022-03-06 09:00:00,28919.34,30427.34,25031.134,26538.814,153.0,153.0,153.0,153.0,153.0,153.0,153.0,153.0,153.0,153.0,153.0,153.0,153.0,153.0,153.0,153.0,153.0,153.0,9.0,,,,,,,,
154,2022-03-06 10:00:00,28598.449,30423.449,24732.4,26557.502,154.0,154.0,154.0,154.0,154.0,154.0,154.0,154.0,154.0,154.0,154.0,154.0,154.0,154.0,154.0,154.0,154.0,154.0,10.0,,,,,,,,
155,2022-03-06 11:00:00,28453.358,30262.358,24757.334,26566.278,155.0,155.0,155.0,155.0,155.0,155.0,155.0,155.0,155.0,155.0,155.0,155.0,155.0,155.0,155.0,155.0,155.0,155.0,11.0,,,,,,,,
156,2022-03-06 12:00:00,28468.578,30264.578,24628.0,26423.901,156.0,156.0,156.0,156.0,156.0,156.0,156.0,156.0,156.0,156.0,156.0,156.0,156.0,156.0,156.0,156.0,156.0,156.0,12.0,,,,,,,,
157,2022-03-06 13:00:00,28781.933,30346.933,24399.0,25963.527,157.0,157.0,157.0,157.0,157.0,157.0,157.0,157.0,157.0,157.0,157.0,157.0,157.0,157.0,157.0,157.0,157.0,157.0,13.0,,,,,,,,
158,2022-03-06 14:00:00,28758.662,30276.662,24160.0,25678.057,158.0,158.0,158.0,158.0,158.0,158.0,158.0,158.0,158.0,158.0,158.0,158.0,158.0,158.0,158.0,158.0,158.0,158.0,14.0,,,,,,,,
159,2022-03-06 15:00:00,28773.203,30152.203,24097.54,25476.388,159.0,159.0,159.0,159.0,159.0,159.0,159.0,159.0,159.0,159.0,159.0,159.0,159.0,159.0,159.0,159.0,159.0,159.0,15.0,,,,,,,,
160,2022-03-06 16:00:00,28841.86,30194.86,24463.918,25817.168,160.0,160.0,160.0,160.0,160.0,160.0,160.0,160.0,160.0,160.0,160.0,160.0,160.0,160.0,160.0,160.0,160.0,160.0,16.0,,,,,,,,
161,2022-03-06 17:00:00,29041.416,30274.416,25079.44,26312.507,161.0,161.0,161.0,161.0,161.0,161.0,161.0,161.0,161.0,161.0,161.0,161.0,161.0,161.0,161.0,161.0,161.0,161.0,17.0,,,,,,,,
162,2022-03-06 18:00:00,29381.767,30628.767,25694.598,26941.7,162.0,162.0,162.0,162.0,162.0,162.0,162.0,162.0,162.0,162.0,162.0,162.0,162.0,162.0,162.0,162.0,162.0,162.0,18.0,,,,,,,,
163,2022-03-06 19:00:00,29500.303,30662.303,26782.658,27945.012,163.0,163.0,163.0,163.0,163.0,163.0,163.0,163.0,163.0,163.0,163.0,163.0,163.0,163.0,163.0,163.0,163.0,163.0,19.0,,,,,,,,
164,2022-03-06 20:00:00,29460.855,30486.855,25507.446,26533.815,164.0,164.0,164.0,164.0,164.0,164.0,164.0,164.0,164.0,164.0,164.0,164.0,164.0,164.0,164.0,164.0,164.0,164.0,20.0,,,,,,,,
165,2022-03-06 21:00:00,29687.143,30690.143,23794.756,24797.403,165.0,165.0,165.0,165.0,165.0,165.0,165.0,165.0,165.0,165.0,165.0,165.0,165.0,165.0,165.0,165.0,165.0,165.0,21.0,,,,,,,,
166,2022-03-06 22:00:00,29505.01,30475.01,22391.834,23362.016,166.0,166.0,166.0,166.0,166.0,166.0,166.0,166.0,166.0,166.0,166.0,166.0,166.0,166.0,166.0,166.0,166.0,166.0,22.0,,,,,,,,
167,2022-03-06 23:00:00,29395.894,30473.894,21211.468,22289.4,167.0,167.0,167.0,167.0,167.0,167.0,167.0,167.0,167.0,167.0,167.0,167.0,167.0,167.0,167.0,167.0,167.0,167.0,23.0,,,,,,,,
168,2022-03-07 00:00:00,30063.29,31268.29,20659.068,21863.727,168.0,168.0,168.0,168.0,168.0,168.0,168.0,168.0,168.0,168.0,168.0,168.0,168.0,168.0,168.0,168.0,168.0,168.0,24.0,,,,,,,,
169,2022-03-07 01:00:00,30407.466,31698.466,20440.935,21732.38,169.0,169.0,169.0,169.0,169.0,169.0,169.0,169.0,169.0,169.0,169.0,169.0,169.0,169.0,169.0,169.0,169.0,169.0,25.0,,,,,,,,
170,2022-03-07 02:00:00,30602.97,31810.97,20479.935,21688.401,170.0,170.0,170.0,170.0,170.0,170.0,170.0,170.0,170.0,170.0,170.0,170.0,170.0,170.0,170.0,170.0,170.0,170.0,26.0,,,,,,,,
171,2022-03-07 03:00:00,30658.593,31836.593,20634.068,21812.544,171.0,171.0,171.0,171.0,171.0,171.0,171.0,171.0,171.0,171.0,171.0,171.0,171.0,171.0,171.0,171.0,171.0,171.0,27.0,,,,,,,,
172,2022-03-07 04:00:00,30642.066,31823.066,21964.201,23145.03,172.0,172.0,172.0,172.0,172.0,172.0,172.0,172.0,172.0,172.0,172.0,172.0,172.0,172.0,172.0,172.0,172.0,172.0,28.0,,,,,,,,
173,2022-03-07 05:00:00,30332.298,31486.298,24277.935,25431.638,173.0,173.0,173.0,173.0,173.0,173.0,173.0,173.0,173.0,173.0,173.0,173.0,173.0,173.0,173.0,173.0,173.0,173.0,29.0,,,,,,,,
174,2022-03-07 06:00:00,30342.942,31411.942,25869.201,26937.708,174.0,174.0,174.0,174.0,174.0,174.0,174.0,174.0,174.0,174.0,174.0,174.0,174.0,174.0,174.0,174.0,174.0,174.0,30.0,,,,,,,,
175,2022-03-07 07:00:00,30276.622,31387.622,25518.068,26628.631,175.0,175.0,175.0,175.0,175.0,175.0,175.0,175.0,175.0,175.0,175.0,175.0,175.0,175.0,175.0,175.0,175.0,175.0,31.0,,,,,,,,
176,2022-03-07 08:00:00,29969.862,31216.862,25890.268,27136.955,176.0,176.0,176.0,176.0,176.0,176.0,176.0,176.0,176.0,176.0,176.0,176.0,176.0,176.0,176.0,176.0,176.0,176.0,32.0,,,,,,,,
177,2022-03-07 09:00:00,30193.493,31716.493,25995.4,27518.524,177.0,177.0,177.0,177.0,177.0,177.0,177.0,177.0,177.0,177.0,177.0,177.0,177.0,177.0,177.0,177.0,177.0,177.0,33.0,,,,,,,,
178,2022-03-07 10:00:00,30280.163,32009.163,25952.267,27681.143,178.0,178.0,178.0,178.0,178.0,178.0,178.0,178.0,178.0,178.0,178.0,178.0,178.0,178.0,178.0,178.0,178.0,178.0,34.0,,,,,,,,
179,2022-03-07 11:00:00,30302.926,32215.926,25788.534,27701.869,179.0,179.0,179.0,179.0,179.0,179.0,179.0,179.0,179.0,179.0,179.0,179.0,179.0,179.0,179.0,179.0,179.0,179.0,35.0,,,,,,,,
180,2022-03-07 12:00:00,29883.606,31949.606,25634.534,27700.787,180.0,180.0,180.0,180.0,180.0,180.0,180.0,180.0,180.0,180.0,180.0,180.0,180.0,180.0,180.0,180.0,180.0,180.0,36.0,,,,,,,,
181,2022-03-07 13:00:00,29212.87,31252.87,25662.733,27702.596,181.0,181.0,181.0,181.0,181.0,181.0,181.0,181.0,181.0,181.0,181.0,181.0,181.0,181.0,181.0,181.0,181.0,181.0,37.0,,,,,,,,
182,2022-03-07 14:00:00,28924.223,30870.223,26026.879,27972.784,182.0,182.0,182.0,182.0,182.0,182.0,182.0,182.0,182.0,182.0,182.0,182.0,182.0,182.0,182.0,182.0,182.0,182.0,38.0,,,,,,,,
183,2022-03-07 15:00:00,28262.742,30181.742,26440.25,28359.527,183.0,183.0,183.0,183.0,183.0,183.0,183.0,183.0,183.0,183.0,183.0,183.0,183.0,183.0,183.0,183.0,183.0,183.0,39.0,,,,,,,,
184,2022-03-07 16:00:00,27853.881,29543.881,26949.605,28639.704,184.0,184.0,184.0,184.0,184.0,184.0,184.0,184.0,184.0,184.0,184.0,184.0,184.0,184.0,184.0,184.0,184.0,184.0,40.0,,,,,,,,
185,2022-03-07 17:00:00,27518.476,28929.476,27343.322,28754.118,185.0,185.0,185.0,185.0,185.0,185.0,185.0,185.0,185.0,185.0,185.0,185.0,185.0,185.0,185.0,185.0,185.0,185.0,41.0,,,,,,,,
186,2022-03-07 18:00:00,27412.321,28573.321,27835.116,28995.634,186.0,186.0,186.0,186.0,186.0,186.0,186.0,186.0,186.0,186.0,186.0,186.0,186.0,186.0,186.0,186.0,186.0,186.0,42.0,,,,,,,,
187,2022-03-07 19:00:00,27540.493,28683.493,28393.179,29536.531,187.0,187.0,187.0,187.0,187.0,187.0,187.0,187.0,187.0,187.0,187.0,187.0,187.0,187.0,187.0,187.0,187.0,187.0,43.0,,,,,,,,
188,2022-03-07 20:00:00,27615.227,28677.227,26801.597,27863.443,188.0,188.0,188.0,188.0,188.0,188.0,188.0,188.0,188.0,188.0,188.0,188.0,188.0,188.0,188.0,188.0,188.0,188.0,44.0,,,,,,,,
189,2022-03-07 21:00:00,27704.149,28695.149,24863.722,25854.554,189.0,189.0,189.0,189.0,189.0,189.0,189.0,189.0,189.0,189.0,189.0,189.0,189.0,189.0,189.0,189.0,189.0,189.0,45.0,,,,,,,,
190,2022-03-07 22:00:00,27764.354,28670.354,23450.262,24356.035,190.0,190.0,190.0,190.0,190.0,190.0,190.0,190.0,190.0,190.0,190.0,190.0,190.0,190.0,190.0,190.0,190.0,190.0,46.0,,,,,,,,
191,2022-03-07 23:00:00,27776.447,28609.447,22611.323,23444.751,191.0,191.0,191.0,191.0,191.0,191.0,191.0,191.0,191.0,191.0,191.0,191.0,191.0,191.0,191.0,191.0,191.0,191.0,47.0,,,,,,,,
192,2022-03-08 00:00:00,27601.747,28368.747,21991.947,22758.54,192.0,192.0,192.0,192.0,192.0,192.0,192.0,192.0,192.0,192.0,192.0,192.0,192.0,192.0,192.0,192.0,192.0,192.0,48.0,,,,,,,,
193,2022-03-08 01:00:00,28135.912,28908.912,21782.323,22555.606,193.0,193.0,193.0,193.0,193.0,193.0,193.0,193.0,193.0,193.0,193.0,193.0,193.0,193.0,193.0,193.0,193.0,193.0,49.0,,,,,,,,
194,2022-03-08 02:00:00,28422.472,29143.472,21792.21,22512.739,194.0,194.0,194.0,194.0,194.0,194.0,194.0,194.0,194.0,194.0,194.0,194.0,194.0,194.0,194.0,194.0,194.0,194.0,50.0,,,,,,,,
195,2022-03-08 03:00:00,28469.105,29196.105,21841.774,22569.205,195.0,195.0,195.0,195.0,195.0,195.0,195.0,195.0,195.0,195.0,195.0,195.0,195.0,195.0,195.0,195.0,195.0,195.0,51.0,,,,,,,,
196,2022-03-08 04:00:00,28535.95,29238.95,23105.422,23808.763,196.0,196.0,196.0,196.0,196.0,196.0,196.0,196.0,196.0,196.0,196.0,196.0,196.0,196.0,196.0,196.0,196.0,196.0,52.0,,,,,,,,
197,2022-03-08 05:00:00,28631.12,29355.12,25651.034,26374.556,197.0,197.0,197.0,197.0,197.0,197.0,197.0,197.0,197.0,197.0,197.0,197.0,197.0,197.0,197.0,197.0,197.0,197.0,53.0,,,,,,,,
198,2022-03-08 06:00:00,29015.031,29689.031,26890.936,27564.884,198.0,198.0,198.0,198.0,198.0,198.0,198.0,198.0,198.0,198.0,198.0,198.0,198.0,198.0,198.0,198.0,198.0,198.0,54.0,,,,,,,,
199,2022-03-08 07:00:00,29070.332,30047.332,25796.912,26773.782,199.0,199.0,199.0,199.0,199.0,199.0,199.0,199.0,199.0,199.0,199.0,199.0,199.0,199.0,199.0,199.0,199.0,199.0,55.0,,,,,,,,
200,2022-03-08 08:00:00,28756.641,30125.641,25987.581,27356.972,200.0,200.0,200.0,200.0,200.0,200.0,200.0,200.0,200.0,200.0,200.0,200.0,200.0,200.0,200.0,200.0,200.0,200.0,56.0,,,,,,,,
201,2022-03-08 09:00:00,28552.777,30198.777,25689.347,27335.442,201.0,201.0,201.0,201.0,201.0,201.0,201.0,201.0,201.0,201.0,201.0,201.0,201.0,201.0,201.0,201.0,201.0,201.0,57.0,,,,,,,,
202,2022-03-08 10:00:00,28030.754,29955.754,25495.71,27421.168,202.0,202.0,202.0,202.0,202.0,202.0,202.0,202.0,202.0,202.0,202.0,202.0,202.0,202.0,202.0,202.0,202.0,202.0,58.0,,,,,,,,
203,2022-03-08 11:00:00,27881.341,29798.341,25424.963,27341.528,203.0,203.0,203.0,203.0,203.0,203.0,203.0,203.0,203.0,203.0,203.0,203.0,203.0,203.0,203.0,203.0,203.0,203.0,59.0,,,,,,,,
204,2022-03-08 12:00:00,28445.955,30302.955,25457.07,27313.724,204.0,204.0,204.0,204.0,204.0,204.0,204.0,204.0,204.0,204.0,204.0,204.0,204.0,204.0,204.0,204.0,204.0,204.0,60.0,,,,,,,,
205,2022-03-08 13:00:00,28472.492,30329.492,25456.334,27313.369,205.0,205.0,205.0,205.0,205.0,205.0,205.0,205.0,205.0,205.0,205.0,205.0,205.0,205.0,205.0,205.0,205.0,205.0,61.0,,,,,,,,
206,2022-03-08 14:00:00,28276.643,30142.643,25962.472,27828.152,206.0,206.0,206.0,206.0,206.0,206.0,206.0,206.0,206.0,206.0,206.0,206.0,206.0,206.0,206.0,206.0,206.0,206.0,62.0,,,,,,,,
207,2022-03-08 15:00:00,28175.14,30203.14,26309.538,28337.325,207.0,207.0,207.0,207.0,207.0,207.0,207.0,207.0,207.0,207.0,207.0,207.0,207.0,207.0,207.0,207.0,207.0,207.0,63.0,,,,,,,,
208,2022-03-08 16:00:00,28054.78,30060.78,26743.808,28750.259,208.0,208.0,208.0,208.0,208.0,208.0,208.0,208.0,208.0,208.0,208.0,208.0,208.0,208.0,208.0,208.0,208.0,208.0,64.0,,,,,,,,
209,2022-03-08 17:00:00,28248.347,30046.347,27184.616,28982.168,209.0,209.0,209.0,209.0,209.0,209.0,209.0,209.0,209.0,209.0,209.0,209.0,209.0,209.0,209.0,209.0,209.0,209.0,65.0,,,,,,,,
210,2022-03-08 18:00:00,28318.068,29736.068,27617.305,29035.411,210.0,210.0,210.0,210.0,210.0,210.0,210.0,210.0,210.0,210.0,210.0,210.0,210.0,210.0,210.0,210.0,210.0,210.0,66.0,,,,,,,,
211,2022-03-08 19:00:00,28760.405,30169.405,28327.935,29737.313,211.0,211.0,211.0,211.0,211.0,211.0,211.0,211.0,211.0,211.0,211.0,211.0,211.0,211.0,211.0,211.0,211.0,211.0,67.0,,,,,,,,
212,2022-03-08 20:00:00,28770.95,30221.95,26630.318,28081.418,212.0,212.0,212.0,212.0,212.0,212.0,212.0,212.0,212.0,212.0,212.0,212.0,212.0,212.0,212.0,212.0,212.0,212.0,68.0,,,,,,,,
213,2022-03-08 21:00:00,28223.107,29646.107,24560.904,25984.281,213.0,213.0,213.0,213.0,213.0,213.0,213.0,213.0,213.0,213.0,213.0,213.0,213.0,213.0,213.0,213.0,213.0,213.0,69.0,,,,,,,,
214,2022-03-08 22:00:00,28400.855,29585.855,23154.158,24339.5,214.0,214.0,214.0,214.0,214.0,214.0,214.0,214.0,214.0,214.0,214.0,214.0,214.0,214.0,214.0,214.0,214.0,214.0,70.0,,,,,,,,
215,2022-03-08 23:00:00,28316.193,29342.193,22115.806,23142.257,215.0,215.0,215.0,215.0,215.0,215.0,215.0,215.0,215.0,215.0,215.0,215.0,215.0,215.0,215.0,215.0,215.0,215.0,71.0,,,,,,,,
216,2022-03-09 00:00:00,28433.146,29479.146,21957.807,23003.934,216.0,216.0,216.0,216.0,216.0,216.0,216.0,216.0,216.0,216.0,216.0,216.0,216.0,216.0,216.0,216.0,216.0,216.0,72.0,,,,,,,,
217,2022-03-09 01:00:00,28150.012,29167.012,21619.383,22636.113,217.0,217.0,217.0,217.0,217.0,217.0,217.0,217.0,217.0,217.0,217.0,217.0,217.0,217.0,217.0,217.0,217.0,217.0,73.0,,,,,,,,
218,2022-03-09 02:00:00,28108.762,29072.762,21437.47,22401.503,218.0,218.0,218.0,218.0,218.0,218.0,218.0,218.0,218.0,218.0,218.0,218.0,218.0,218.0,218.0,218.0,218.0,218.0,74.0,,,,,,,,
219,2022-03-09 03:00:00,27861.021,28795.021,21782.197,22716.493,219.0,219.0,219.0,219.0,219.0,219.0,219.0,219.0,219.0,219.0,219.0,219.0,219.0,219.0,219.0,219.0,219.0,219.0,75.0,,,,,,,,
220,2022-03-09 04:00:00,28191.233,29041.233,23000.675,23850.58,220.0,220.0,220.0,220.0,220.0,220.0,220.0,220.0,220.0,220.0,220.0,220.0,220.0,220.0,220.0,220.0,220.0,220.0,76.0,,,,,,,,
221,2022-03-09 05:00:00,28909.3,29723.3,25699.544,26513.322,221.0,221.0,221.0,221.0,221.0,221.0,221.0,221.0,221.0,221.0,221.0,221.0,221.0,221.0,221.0,221.0,221.0,221.0,77.0,,,,,,,,
222,2022-03-09 06:00:00,29958.541,30754.541,26915.879,27711.594,222.0,222.0,222.0,222.0,222.0,222.0,222.0,222.0,222.0,222.0,222.0,222.0,222.0,222.0,222.0,222.0,222.0,222.0,78.0,,,,,,,,
223,2022-03-09 07:00:00,29809.729,30873.729,25620.811,26684.498,223.0,223.0,223.0,223.0,223.0,223.0,223.0,223.0,223.0,223.0,223.0,223.0,223.0,223.0,223.0,223.0,223.0,223.0,79.0,,,,,,,,
224,2022-03-09 08:00:00,29646.161,31324.161,25768.4,27445.935,224.0,224.0,224.0,224.0,224.0,224.0,224.0,224.0,224.0,224.0,224.0,224.0,224.0,224.0,224.0,224.0,224.0,224.0,80.0,,,,,,,,
225,2022-03-09 09:00:00,29262.054,31315.054,25689.533,27742.68,225.0,225.0,225.0,225.0,225.0,225.0,225.0,225.0,225.0,225.0,225.0,225.0,225.0,225.0,225.0,225.0,225.0,225.0,81.0,,,,,,,,
226,2022-03-09 10:00:00,29186.324,31396.324,25550.57,27760.591,226.0,226.0,226.0,226.0,226.0,226.0,226.0,226.0,226.0,226.0,226.0,226.0,226.0,226.0,226.0,226.0,226.0,226.0,82.0,,,,,,,,
227,2022-03-09 11:00:00,29287.116,31501.116,25842.801,28056.586,227.0,227.0,227.0,227.0,227.0,227.0,227.0,227.0,227.0,227.0,227.0,227.0,227.0,227.0,227.0,227.0,227.0,227.0,83.0,,,,,,,,
228,2022-03-09 12:00:00,29813.253,32141.253,25685.58,28013.13,228.0,228.0,228.0,228.0,228.0,228.0,228.0,228.0,228.0,228.0,228.0,228.0,228.0,228.0,228.0,228.0,228.0,228.0,84.0,,,,,,,,
229,2022-03-09 13:00:00,30092.797,32443.797,25406.48,27757.131,229.0,229.0,229.0,229.0,229.0,229.0,229.0,229.0,229.0,229.0,229.0,229.0,229.0,229.0,229.0,229.0,229.0,229.0,85.0,,,,,,,,
230,2022-03-09 14:00:00,30708.913,32945.913,25577.943,27814.979,230.0,230.0,230.0,230.0,230.0,230.0,230.0,230.0,230.0,230.0,230.0,230.0,230.0,230.0,230.0,230.0,230.0,230.0,86.0,,,,,,,,
231,2022-03-09 15:00:00,30552.56,32830.56,26216.309,28494.325,231.0,231.0,231.0,231.0,231.0,231.0,231.0,231.0,231.0,231.0,231.0,231.0,231.0,231.0,231.0,231.0,231.0,231.0,87.0,,,,,,,,
232,2022-03-09 16:00:00,30218.527,32181.527,26386.7,28349.241,232.0,232.0,232.0,232.0,232.0,232.0,232.0,232.0,232.0,232.0,232.0,232.0,232.0,232.0,232.0,232.0,232.0,232.0,88.0,,,,,,,,
233,2022-03-09 17:00:00,30231.26,31804.26,26687.843,28260.52,233.0,233.0,233.0,233.0,233.0,233.0,233.0,233.0,233.0,233.0,233.0,233.0,233.0,233.0,233.0,233.0,233.0,233.0,89.0,,,,,,,,
234,2022-03-09 18:00:00,30079.643,31249.643,27448.421,28618.824,234.0,234.0,234.0,234.0,234.0,234.0,234.0,234.0,234.0,234.0,234.0,234.0,234.0,234.0,234.0,234.0,234.0,234.0,90.0,,,,,,,,
235,2022-03-09 19:00:00,30017.905,30893.905,28466.23,29342.579,235.0,235.0,235.0,235.0,235.0,235.0,235.0,235.0,235.0,235.0,235.0,235.0,235.0,235.0,235.0,235.0,235.0,235.0,91.0,,,,,,,,
236,2022-03-09 20:00:00,29791.482,30570.482,27052.204,27831.228,236.0,236.0,236.0,236.0,236.0,236.0,236.0,236.0,236.0,236.0,236.0,236.0,236.0,236.0,236.0,236.0,236.0,236.0,92.0,,,,,,,,
237,2022-03-09 21:00:00,29818.266,30639.266,25188.452,26009.829,237.0,237.0,237.0,237.0,237.0,237.0,237.0,237.0,237.0,237.0,237.0,237.0,237.0,237.0,237.0,237.0,237.0,237.0,93.0,,,,,,,,
238,2022-03-09 22:00:00,29963.627,30996.627,23438.383,24471.62,238.0,238.0,238.0,238.0,238.0,238.0,238.0,238.0,238.0,238.0,238.0,238.0,238.0,238.0,238.0,238.0,238.0,238.0,94.0,,,,,,,,
239,2022-03-09 23:00:00,29681.198,30754.198,22235.145,23308.586,239.0,239.0,239.0,239.0,239.0,239.0,239.0,239.0,239.0,239.0,239.0,239.0,239.0,239.0,239.0,239.0,239.0,239.0,95.0,,,,,,,,
240,2022-03-10 00:00:00,29514.208,30622.208,22080.192,23188.204,240.0,240.0,240.0,240.0,240.0,240.0,240.0,240.0,240.0,240.0,240.0,240.0,240.0,240.0,240.0,240.0,240.0,240.0,96.0,,,,,,,,
241,2022-03-10 01:00:00,28641.356,29766.356,21732.284,22857.29,241.0,241.0,241.0,241.0,241.0,241.0,241.0,241.0,241.0,241.0,241.0,241.0,241.0,241.0,241.0,241.0,241.0,241.0,97.0,,,,,,,,
242,2022-03-10 02:00:00,28294.994,29382.994,21630.207,22717.787,242.0,242.0,242.0,242.0,242.0,242.0,242.0,242.0,242.0,242.0,242.0,242.0,242.0,242.0,242.0,242.0,242.0,242.0,98.0,,,,,,,,
243,2022-03-10 03:00:00,28136.107,29133.107,22027.926,23024.683,243.0,243.0,243.0,243.0,243.0,243.0,243.0,243.0,243.0,243.0,243.0,243.0,243.0,243.0,243.0,243.0,243.0,243.0,99.0,,,,,,,,
244,2022-03-10 04:00:00,28143.899,29106.899,23293.774,24256.348,244.0,244.0,244.0,244.0,244.0,244.0,244.0,244.0,244.0,244.0,244.0,244.0,244.0,244.0,244.0,244.0,244.0,244.0,100.0,,,,,,,,
245,2022-03-10 05:00:00,28451.437,29399.437,25806.877,26755.079,245.0,245.0,245.0,245.0,245.0,245.0,245.0,245.0,245.0,245.0,245.0,245.0,245.0,245.0,245.0,245.0,245.0,245.0,101.0,,,,,,,,
246,2022-03-10 06:00:00,28829.312,29815.312,27158.018,28144.185,246.0,246.0,246.0,246.0,246.0,246.0,246.0,246.0,246.0,246.0,246.0,246.0,246.0,246.0,246.0,246.0,246.0,246.0,102.0,,,,,,,,
247,2022-03-10 07:00:00,28845.287,30332.287,26299.036,27786.484,247.0,247.0,247.0,247.0,247.0,247.0,247.0,247.0,247.0,247.0,247.0,247.0,247.0,247.0,247.0,247.0,247.0,247.0,103.0,,,,,,,,
248,2022-03-10 08:00:00,29142.869,31319.869,26566.696,28743.365,248.0,248.0,248.0,248.0,248.0,248.0,248.0,248.0,248.0,248.0,248.0,248.0,248.0,248.0,248.0,248.0,248.0,248.0,104.0,,,,,,,,
249,2022-03-10 09:00:00,28985.054,31638.054,26288.762,28942.261,249.0,249.0,249.0,249.0,249.0,249.0,249.0,249.0,249.0,249.0,249.0,249.0,249.0,249.0,249.0,249.0,249.0,249.0,105.0,,,,,,,,
250,2022-03-10 10:00:00,28797.095,31608.095,26226.488,29037.684,250.0,250.0,250.0,250.0,250.0,250.0,250.0,250.0,250.0,250.0,250.0,250.0,250.0,250.0,250.0,250.0,250.0,250.0,106.0,,,,,,,,
251,2022-03-10 11:00:00,28942.47,31643.47,25898.32,28599.375,251.0,251.0,251.0,251.0,251.0,251.0,251.0,251.0,251.0,251.0,251.0,251.0,251.0,251.0,251.0,251.0,251.0,251.0,107.0,,,,,,,,
252,2022-03-10 12:00:00,29038.737,31596.737,25980.855,28538.898,252.0,252.0,252.0,252.0,252.0,252.0,252.0,252.0,252.0,252.0,252.0,252.0,252.0,252.0,252.0,252.0,252.0,252.0,108.0,,,,,,,,
253,2022-03-10 13:00:00,29271.601,31658.601,26101.455,28488.624,253.0,253.0,253.0,253.0,253.0,253.0,253.0,253.0,253.0,253.0,253.0,253.0,253.0,253.0,253.0,253.0,253.0,253.0,109.0,,,,,,,,
254,2022-03-10 14:00:00,29241.198,31420.198,26640.799,28819.941,254.0,254.0,254.0,254.0,254.0,254.0,254.0,254.0,254.0,254.0,254.0,254.0,254.0,254.0,254.0,254.0,254.0,254.0,110.0,,,,,,,,
255,2022-03-10 15:00:00,29213.546,31308.546,26886.787,28981.768,255.0,255.0,255.0,255.0,255.0,255.0,255.0,255.0,255.0,255.0,255.0,255.0,255.0,255.0,255.0,255.0,255.0,255.0,111.0,,,,,,,,
256,2022-03-10 16:00:00,29086.106,31136.106,27271.224,29320.751,256.0,256.0,256.0,256.0,256.0,256.0,256.0,256.0,256.0,256.0,256.0,256.0,256.0,256.0,256.0,256.0,256.0,256.0,112.0,,,,,,,,
257,2022-03-10 17:00:00,29031.391,30581.391,27358.359,28908.628,257.0,257.0,257.0,257.0,257.0,257.0,257.0,257.0,257.0,257.0,257.0,257.0,257.0,257.0,257.0,257.0,257.0,257.0,113.0,,,,,,,,
258,2022-03-10 18:00:00,29527.087,30691.087,28209.055,29373.504,258.0,258.0,258.0,258.0,258.0,258.0,258.0,258.0,258.0,258.0,258.0,258.0,258.0,258.0,258.0,258.0,258.0,258.0,114.0,,,,,,,,
259,2022-03-10 19:00:00,29312.657,30539.657,28853.049,30079.97,259.0,259.0,259.0,259.0,259.0,259.0,259.0,259.0,259.0,259.0,259.0,259.0,259.0,259.0,259.0,259.0,259.0,259.0,115.0,,,,,,,,
260,2022-03-10 20:00:00,29197.19,30403.19,27350.067,28556.107,260.0,260.0,260.0,260.0,260.0,260.0,260.0,260.0,260.0,260.0,260.0,260.0,260.0,260.0,260.0,260.0,260.0,260.0,116.0,,,,,,,,
261,2022-03-10 21:00:00,28930.853,29974.853,25491.934,26536.317,261.0,261.0,261.0,261.0,261.0,261.0,261.0,261.0,261.0,261.0,261.0,261.0,261.0,261.0,261.0,261.0,261.0,261.0,117.0,,,,,,,,
262,2022-03-10 22:00:00,29291.754,30285.754,24076.555,25070.499,262.0,262.0,262.0,262.0,262.0,262.0,262.0,262.0,262.0,262.0,262.0,262.0,262.0,262.0,262.0,262.0,262.0,262.0,118.0,,,,,,,,
263,2022-03-10 23:00:00,29473.462,30438.462,22864.172,23829.064,263.0,263.0,263.0,263.0,263.0,263.0,263.0,263.0,263.0,263.0,263.0,263.0,263.0,263.0,263.0,263.0,263.0,263.0,119.0,,,,,,,,
264,2022-03-11 00:00:00,29413.335,30374.335,22334.769,23295.38,264.0,264.0,264.0,264.0,264.0,264.0,264.0,264.0,264.0,264.0,264.0,264.0,264.0,264.0,264.0,264.0,264.0,264.0,120.0,,,,,,,,
265,2022-03-11 01:00:00,29029.338,29993.338,22001.111,22965.031,265.0,265.0,265.0,265.0,265.0,265.0,265.0,265.0,265.0,265.0,265.0,265.0,265.0,265.0,265.0,265.0,265.0,265.0,121.0,,,,,,,,
266,2022-03-11 02:00:00,29081.02,30005.02,21830.935,22754.881,266.0,266.0,266.0,266.0,266.0,266.0,266.0,266.0,266.0,266.0,266.0,266.0,266.0,266.0,266.0,266.0,266.0,266.0,122.0,,,,,,,,
267,2022-03-11 03:00:00,29040.353,29900.353,21869.801,22729.968,267.0,267.0,267.0,267.0,267.0,267.0,267.0,267.0,267.0,267.0,267.0,267.0,267.0,267.0,267.0,267.0,267.0,267.0,123.0,,,,,,,,
268,2022-03-11 04:00:00,29125.52,30008.52,23155.201,24038.161,268.0,268.0,268.0,268.0,268.0,268.0,268.0,268.0,268.0,268.0,268.0,268.0,268.0,268.0,268.0,268.0,268.0,268.0,124.0,,,,,,,,
269,2022-03-11 05:00:00,29177.148,30116.148,25617.935,26556.73,269.0,269.0,269.0,269.0,269.0,269.0,269.0,269.0,269.0,269.0,269.0,269.0,269.0,269.0,269.0,269.0,269.0,269.0,125.0,,,,,,,,
270,2022-03-11 06:00:00,29306.565,30310.565,27085.696,28089.475,270.0,270.0,270.0,270.0,270.0,270.0,270.0,270.0,270.0,270.0,270.0,270.0,270.0,270.0,270.0,270.0,270.0,270.0,126.0,,,,,,,,
271,2022-03-11 07:00:00,29287.069,30805.069,26378.992,27896.809,271.0,271.0,271.0,271.0,271.0,271.0,271.0,271.0,271.0,271.0,271.0,271.0,271.0,271.0,271.0,271.0,271.0,271.0,127.0,,,,,,,,
272,2022-03-11 08:00:00,29520.556,31749.556,26514.834,28744.09,272.0,272.0,272.0,272.0,272.0,272.0,272.0,272.0,272.0,272.0,272.0,272.0,272.0,272.0,272.0,272.0,272.0,272.0,128.0,,,,,,,,
273,2022-03-11 09:00:00,30555.413,33192.413,26232.067,28868.891,273.0,273.0,273.0,273.0,273.0,273.0,273.0,273.0,273.0,273.0,273.0,273.0,273.0,273.0,273.0,273.0,273.0,273.0,129.0,,,,,,,,
274,2022-03-11 10:00:00,30590.977,33469.977,26135.601,29014.241,274.0,274.0,274.0,274.0,274.0,274.0,274.0,274.0,274.0,274.0,274.0,274.0,274.0,274.0,274.0,274.0,274.0,274.0,130.0,,,,,,,,
275,2022-03-11 11:00:00,30355.156,33202.156,26040.935,28887.676,275.0,275.0,275.0,275.0,275.0,275.0,275.0,275.0,275.0,275.0,275.0,275.0,275.0,275.0,275.0,275.0,275.0,275.0,131.0,,,,,,,,
276,2022-03-11 12:00:00,30482.507,33275.507,26204.367,28997.864,276.0,276.0,276.0,276.0,276.0,276.0,276.0,276.0,276.0,276.0,276.0,276.0,276.0,276.0,276.0,276.0,276.0,276.0,132.0,,,,,,,,
277,2022-03-11 13:00:00,31245.807,33751.807,26043.136,28548.734,277.0,277.0,277.0,277.0,277.0,277.0,277.0,277.0,277.0,277.0,277.0,277.0,277.0,277.0,277.0,277.0,277.0,277.0,133.0,,,,,,,,
278,2022-03-11 14:00:00,31271.865,33635.865000000005,26042.09,28405.977,278.0,278.0,278.0,278.0,278.0,278.0,278.0,278.0,278.0,278.0,278.0,278.0,278.0,278.0,278.0,278.0,278.0,278.0,134.0,,,,,,,,
279,2022-03-11 15:00:00,30793.584,33191.584,26009.477,28407.264,279.0,279.0,279.0,279.0,279.0,279.0,279.0,279.0,279.0,279.0,279.0,279.0,279.0,279.0,279.0,279.0,279.0,279.0,135.0,,,,,,,,
280,2022-03-11 16:00:00,30554.683,32677.683,26168.104,28291.366,280.0,280.0,280.0,280.0,280.0,280.0,280.0,280.0,280.0,280.0,280.0,280.0,280.0,280.0,280.0,280.0,280.0,280.0,136.0,,,,,,,,
281,2022-03-11 17:00:00,30511.543,32169.543,26386.075,28044.075,281.0,281.0,281.0,281.0,281.0,281.0,281.0,281.0,281.0,281.0,281.0,281.0,281.0,281.0,281.0,281.0,281.0,281.0,137.0,,,,,,,,
282,2022-03-11 18:00:00,30677.375,32126.375,27138.457,28587.559,282.0,282.0,282.0,282.0,282.0,282.0,282.0,282.0,282.0,282.0,282.0,282.0,282.0,282.0,282.0,282.0,282.0,282.0,138.0,,,,,,,,
283,2022-03-11 19:00:00,30777.008,32202.008,27652.566,29078.042,283.0,283.0,283.0,283.0,283.0,283.0,283.0,283.0,283.0,283.0,283.0,283.0,283.0,283.0,283.0,283.0,283.0,283.0,139.0,,,,,,,,
284,2022-03-11 20:00:00,30807.506,32063.506,26376.598,27632.128,284.0,284.0,284.0,284.0,284.0,284.0,284.0,284.0,284.0,284.0,284.0,284.0,284.0,284.0,284.0,284.0,284.0,284.0,140.0,,,,,,,,
285,2022-03-11 21:00:00,30770.031,31862.031,24829.678,25921.994,285.0,285.0,285.0,285.0,285.0,285.0,285.0,285.0,285.0,285.0,285.0,285.0,285.0,285.0,285.0,285.0,285.0,285.0,141.0,,,,,,,,
286,2022-03-11 22:00:00,30418.435,31468.435,23529.858,24579.396,286.0,286.0,286.0,286.0,286.0,286.0,286.0,286.0,286.0,286.0,286.0,286.0,286.0,286.0,286.0,286.0,286.0,286.0,142.0,,,,,,,,
287,2022-03-11 23:00:00,30341.001,31414.001,22567.275,23640.369,287.0,287.0,287.0,287.0,287.0,287.0,287.0,287.0,287.0,287.0,287.0,287.0,287.0,287.0,287.0,287.0,287.0,287.0,143.0,,,,,,,,
288,2022-03-12 00:00:00,30068.525,30808.525,22058.381,22798.402,288.0,288.0,288.0,288.0,288.0,288.0,288.0,288.0,288.0,288.0,288.0,288.0,288.0,288.0,288.0,288.0,288.0,288.0,144.0,,,,,,,,
289,2022-03-12 01:00:00,30058.619,30755.619,21787.679,22484.628,289.0,289.0,289.0,289.0,289.0,289.0,289.0,289.0,289.0,289.0,289.0,289.0,289.0,289.0,289.0,289.0,289.0,289.0,145.0,,,,,,,,
290,2022-03-12 02:00:00,30211.084,30885.084,21798.492,22472.301,290.0,290.0,290.0,290.0,290.0,290.0,290.0,290.0,290.0,290.0,290.0,290.0,290.0,290.0,290.0,290.0,290.0,290.0,146.0,,,,,,,,
291,2022-03-12 03:00:00,30549.701,31303.701,21620.954,22375.197,291.0,291.0,291.0,291.0,291.0,291.0,291.0,291.0,291.0,291.0,291.0,291.0,291.0,291.0,291.0,291.0,291.0,291.0,147.0,,,,,,,,
292,2022-03-12 04:00:00,30677.875,31444.875,21984.944,22752.387,292.0,292.0,292.0,292.0,292.0,292.0,292.0,292.0,292.0,292.0,292.0,292.0,292.0,292.0,292.0,292.0,292.0,292.0,148.0,,,,,,,,
293,2022-03-12 05:00:00,30700.561,31520.561,22389.189,23208.952,293.0,293.0,293.0,293.0,293.0,293.0,293.0,293.0,293.0,293.0,293.0,293.0,293.0,293.0,293.0,293.0,293.0,293.0,149.0,,,,,,,,
294,2022-03-12 06:00:00,30960.425,31879.425,23210.0,24128.819,294.0,294.0,294.0,294.0,294.0,294.0,294.0,294.0,294.0,294.0,294.0,294.0,294.0,294.0,294.0,294.0,294.0,294.0,150.0,,,,,,,,
295,2022-03-12 07:00:00,31423.282,32836.282,24425.808,25838.449,295.0,295.0,295.0,295.0,295.0,295.0,295.0,295.0,295.0,295.0,295.0,295.0,295.0,295.0,295.0,295.0,295.0,295.0,151.0,,,,,,,,
296,2022-03-12 08:00:00,31429.697,33546.697,25484.594,27601.209,296.0,296.0,296.0,296.0,296.0,296.0,296.0,296.0,296.0,296.0,296.0,296.0,296.0,296.0,296.0,296.0,296.0,296.0,152.0,,,,,,,,
297,2022-03-12 09:00:00,31212.472,33747.472,25262.0,27796.681,297.0,297.0,297.0,297.0,297.0,297.0,297.0,297.0,297.0,297.0,297.0,297.0,297.0,297.0,297.0,297.0,297.0,297.0,153.0,,,,,,,,
298,2022-03-12 10:00:00,31084.627,34022.627,24902.0,27840.361,298.0,298.0,298.0,298.0,298.0,298.0,298.0,298.0,298.0,298.0,298.0,298.0,298.0,298.0,298.0,298.0,298.0,298.0,154.0,,,,,,,,
299,2022-03-12 11:00:00,31147.413,34255.413,24142.0,27249.645,299.0,299.0,299.0,299.0,299.0,299.0,299.0,299.0,299.0,299.0,299.0,299.0,299.0,299.0,299.0,299.0,299.0,299.0,155.0,,,,,,,,
300,2022-03-12 12:00:00,31169.198,34325.198000000004,23944.442,27100.246,300.0,300.0,300.0,300.0,300.0,300.0,300.0,300.0,300.0,300.0,300.0,300.0,300.0,300.0,300.0,300.0,300.0,300.0,156.0,,,,,,,,
301,2022-03-12 13:00:00,31017.9,34055.9,23509.068,26546.754,301.0,301.0,301.0,301.0,301.0,301.0,301.0,301.0,301.0,301.0,301.0,301.0,301.0,301.0,301.0,301.0,301.0,301.0,157.0,,,,,,,,
302,2022-03-12 14:00:00,30808.879,33685.879,23368.594,26245.534,302.0,302.0,302.0,302.0,302.0,302.0,302.0,302.0,302.0,302.0,302.0,302.0,302.0,302.0,302.0,302.0,302.0,302.0,158.0,,,,,,,,
303,2022-03-12 15:00:00,30773.901,33350.901,23189.529,25766.172,303.0,303.0,303.0,303.0,303.0,303.0,303.0,303.0,303.0,303.0,303.0,303.0,303.0,303.0,303.0,303.0,303.0,303.0,159.0,,,,,,,,
304,2022-03-12 16:00:00,30593.52,32915.520000000004,23596.312,25918.61,304.0,304.0,304.0,304.0,304.0,304.0,304.0,304.0,304.0,304.0,304.0,304.0,304.0,304.0,304.0,304.0,304.0,304.0,160.0,,,,,,,,
305,2022-03-12 17:00:00,30761.085,32608.085,24582.968,26429.603,305.0,305.0,305.0,305.0,305.0,305.0,305.0,305.0,305.0,305.0,305.0,305.0,305.0,305.0,305.0,305.0,305.0,305.0,161.0,,,,,,,,
306,2022-03-12 18:00:00,30929.262,32310.262,26014.098,27395.527,306.0,306.0,306.0,306.0,306.0,306.0,306.0,306.0,306.0,306.0,306.0,306.0,306.0,306.0,306.0,306.0,306.0,306.0,162.0,,,,,,,,
307,2022-03-12 19:00:00,30889.438,32179.438,26873.346,28163.331,307.0,307.0,307.0,307.0,307.0,307.0,307.0,307.0,307.0,307.0,307.0,307.0,307.0,307.0,307.0,307.0,307.0,307.0,163.0,,,,,,,,
308,2022-03-12 20:00:00,31329.549,32612.549,25607.477,26890.075,308.0,308.0,308.0,308.0,308.0,308.0,308.0,308.0,308.0,308.0,308.0,308.0,308.0,308.0,308.0,308.0,308.0,308.0,164.0,,,,,,,,
309,2022-03-12 21:00:00,31357.516,32537.516,23195.61,24375.478,309.0,309.0,309.0,309.0,309.0,309.0,309.0,309.0,309.0,309.0,309.0,309.0,309.0,309.0,309.0,309.0,309.0,309.0,165.0,,,,,,,,
310,2022-03-12 22:00:00,31108.587,32111.587,22087.361,23090.748,310.0,310.0,310.0,310.0,310.0,310.0,310.0,310.0,310.0,310.0,310.0,310.0,310.0,310.0,310.0,310.0,310.0,310.0,166.0,,,,,,,,
311,2022-03-12 23:00:00,30982.356,31959.356,21373.181,22350.59,311.0,311.0,311.0,311.0,311.0,311.0,311.0,311.0,311.0,311.0,311.0,311.0,311.0,311.0,311.0,311.0,311.0,311.0,167.0,,,,,,,,
312,,,,,,,,,,,,,,,,,,,,,,,,,,,,,,,,
