,Date,Eskom OCGT Generation,Eskom Gas Generation,Dispatchable IPP OCGT,Manual Load Reduction(MLR),Palmiet Gen Unit Hours,Ingula Gen Unit Hours,Drakensberg Gen Unit Hours,Palmiet Max Hours,Ingula Max Hours,Drakensberg Max Hours,Palmiet Min Hours,Ingula Min Hours,Drakensberg Min Hours,Unnamed: 0.12,Unnamed: 0.11,Unnamed: 0.10,Unnamed: 0.9,Unnamed: 0.8,Unnamed: 0.3,Unnamed: 0.2,Unnamed: 0.1,Unnamed: 0,Unnamed: 0.4,Unnamed: 0.5,Unnamed: 0.6,Unnamed: 0.7
0,2022-02-21 00:00:00,0.0,0.0,0.0,0.0,52.0,44.11,90.8,58.7,67.0,102.0,8.0,12.0,12.0,0.0,0.0,0.0,0.0,0.0,313.0,312.0,0.0,0.0,,,,
1,2022-02-21 01:00:00,0.0,0.0,0.0,0.0,53.2,46.37,92.7,58.7,67.0,102.0,8.0,12.0,12.0,1.0,1.0,1.0,1.0,1.0,314.0,313.0,1.0,1.0,,,,
2,2022-02-21 02:00:00,0.0,0.0,0.0,0.0,53.6,48.74,94.5,58.7,67.0,102.0,8.0,12.0,12.0,2.0,2.0,2.0,2.0,2.0,315.0,314.0,2.0,2.0,,,,
3,2022-02-21 03:00:00,0.0,0.0,0.0,0.0,55.2,51.0,96.9,58.7,67.0,102.0,8.0,12.0,12.0,3.0,3.0,3.0,3.0,3.0,316.0,315.0,3.0,3.0,,,,
4,2022-02-21 04:00:00,0.0,0.0,0.0,0.0,55.5,53.34,102.0,58.7,67.0,102.0,8.0,12.0,12.0,4.0,4.0,4.0,4.0,4.0,317.0,316.0,4.0,4.0,,,,
5,2022-02-21 05:00:00,0.0,0.0,0.0,0.0,55.9,54.04,102.0,58.7,67.0,102.0,8.0,12.0,12.0,5.0,5.0,5.0,5.0,5.0,318.0,317.0,5.0,5.0,,,,
6,2022-02-21 06:00:00,0.0,0.0,0.0,0.0,56.7,53.69,102.0,58.7,67.0,102.0,8.0,12.0,12.0,6.0,6.0,6.0,6.0,6.0,319.0,318.0,6.0,6.0,,,,
7,2022-02-21 07:00:00,0.0,0.0,0.0,0.0,56.7,53.18,101.7,58.7,67.0,102.0,8.0,12.0,12.0,7.0,7.0,7.0,7.0,7.0,320.0,319.0,7.0,7.0,,,,
8,2022-02-21 08:00:00,0.0,0.0,0.0,0.0,56.7,52.77,98.4,58.7,67.0,102.0,8.0,12.0,12.0,8.0,8.0,8.0,8.0,8.0,321.0,320.0,8.0,8.0,,,,
9,2022-02-21 09:00:00,0.0,0.0,0.0,0.0,55.5,52.36,97.5,58.7,67.0,102.0,8.0,12.0,12.0,9.0,9.0,9.0,9.0,9.0,322.0,321.0,9.0,9.0,,,,
10,2022-02-21 10:00:00,0.0,0.0,0.0,0.0,55.5,51.63,96.9,58.7,67.0,102.0,8.0,12.0,12.0,10.0,10.0,10.0,10.0,10.0,323.0,322.0,10.0,10.0,,,,
11,2022-02-21 11:00:00,0.0,0.0,0.0,0.0,55.5,50.9,96.0,58.7,67.0,102.0,8.0,12.0,12.0,11.0,11.0,11.0,11.0,11.0,324.0,323.0,11.0,11.0,,,,
12,2022-02-21 12:00:00,0.0,0.0,0.0,0.0,55.2,50.15,95.4,58.7,67.0,102.0,8.0,12.0,12.0,12.0,12.0,12.0,12.0,12.0,325.0,324.0,12.0,12.0,,,,
13,2022-02-21 13:00:00,0.0,0.0,0.0,0.0,54.4,49.34,94.3,58.7,67.0,102.0,8.0,12.0,12.0,13.0,13.0,13.0,13.0,13.0,326.0,325.0,13.0,13.0,,,,
14,2022-02-21 14:00:00,0.0,0.0,0.0,0.0,53.6,48.58,93.6,58.7,67.0,102.0,8.0,12.0,12.0,14.0,14.0,14.0,14.0,14.0,327.0,326.0,14.0,14.0,,,,
15,2022-02-21 15:00:00,0.0,0.0,0.0,0.0,53.2,47.54,92.4,58.7,67.0,102.0,8.0,12.0,12.0,15.0,15.0,15.0,15.0,15.0,328.0,327.0,15.0,15.0,,,,
16,2022-02-21 16:00:00,0.0,0.0,0.0,0.0,52.0,45.92,91.2,58.7,67.0,102.0,8.0,12.0,12.0,16.0,16.0,16.0,16.0,16.0,329.0,328.0,16.0,16.0,,,,
17,2022-02-21 17:00:00,0.0,0.0,0.0,0.0,51.2,44.45,90.0,58.7,67.0,102.0,8.0,12.0,12.0,17.0,17.0,17.0,17.0,17.0,330.0,329.0,17.0,17.0,,,,
18,2022-02-21 18:00:00,0.0,0.0,21.614,0.0,51.2,43.02,89.4,58.7,67.0,102.0,8.0,12.0,12.0,18.0,18.0,18.0,18.0,18.0,331.0,330.0,18.0,18.0,,,,
19,2022-02-21 19:00:00,0.0,0.0,592.452,0.0,50.8,40.86,87.4,58.7,67.0,102.0,8.0,12.0,12.0,19.0,19.0,19.0,19.0,19.0,332.0,331.0,19.0,19.0,,,,
20,2022-02-21 20:00:00,0.0,0.0,596.237,0.0,49.6,38.25,83.79999999999998,58.7,67.0,102.0,8.0,12.0,12.0,20.0,20.0,20.0,20.0,20.0,333.0,332.0,20.0,20.0,,,,
21,2022-02-21 21:00:00,0.0,0.0,42.277,0.0,48.8,36.8,83.0,58.7,67.0,102.0,8.0,12.0,12.0,21.0,21.0,21.0,21.0,21.0,334.0,333.0,21.0,21.0,,,,
22,2022-02-21 22:00:00,0.0,0.0,0.0,0.0,49.6,36.32,83.4,58.7,67.0,102.0,8.0,12.0,12.0,22.0,22.0,22.0,22.0,22.0,335.0,334.0,22.0,22.0,,,,
23,2022-02-21 23:00:00,0.0,0.0,0.0,0.0,50.0,37.41,85.79999999999998,58.7,67.0,102.0,8.0,12.0,12.0,23.0,23.0,23.0,23.0,23.0,336.0,335.0,23.0,23.0,,,,
24,2022-02-22 00:00:00,0.0,0.0,0.0,0.0,51.2,39.8,88.2,58.7,67.0,102.0,8.0,12.0,12.0,24.0,24.0,24.0,24.0,24.0,337.0,336.0,24.0,24.0,,,,
25,2022-02-22 01:00:00,0.0,0.0,0.0,0.0,52.0,42.21,90.3,58.7,67.0,102.0,8.0,12.0,12.0,25.0,25.0,25.0,25.0,25.0,338.0,337.0,25.0,25.0,,,,
26,2022-02-22 02:00:00,0.0,0.0,0.0,0.0,52.8,44.51,92.4,58.7,67.0,102.0,8.0,12.0,12.0,26.0,26.0,26.0,26.0,26.0,339.0,338.0,26.0,26.0,,,,
27,2022-02-22 03:00:00,0.0,0.0,0.0,0.0,53.6,46.93,94.3,58.7,67.0,102.0,8.0,12.0,12.0,27.0,27.0,27.0,27.0,27.0,340.0,339.0,27.0,27.0,,,,
28,2022-02-22 04:00:00,0.0,0.0,0.0,0.0,54.4,49.34,96.6,58.7,67.0,102.0,8.0,12.0,12.0,28.0,28.0,28.0,28.0,28.0,341.0,340.0,28.0,28.0,,,,
29,2022-02-22 05:00:00,0.0,0.0,0.0,0.0,55.5,51.0,98.1,58.7,67.0,102.0,8.0,12.0,12.0,29.0,29.0,29.0,29.0,29.0,342.0,341.0,29.0,29.0,,,,
30,2022-02-22 06:00:00,0.0,0.0,0.026,0.0,55.5,50.63,97.2,58.7,67.0,102.0,8.0,12.0,12.0,30.0,30.0,30.0,30.0,30.0,343.0,343.0,31.0,31.0,,,,
31,2022-02-22 07:00:00,0.0,0.0,0.0,0.0,54.4,49.72,96.6,58.7,67.0,102.0,8.0,12.0,12.0,31.0,31.0,31.0,31.0,31.0,344.0,344.0,32.0,32.0,,,,
32,2022-02-22 08:00:00,0.0,0.0,0.0,0.0,53.6,48.91,96.0,58.7,67.0,102.0,8.0,12.0,12.0,32.0,32.0,32.0,32.0,32.0,345.0,345.0,33.0,33.0,,,,
33,2022-02-22 09:00:00,0.0,0.0,0.0,0.0,53.2,47.48,95.7,58.7,67.0,102.0,8.0,12.0,12.0,33.0,33.0,33.0,33.0,33.0,346.0,346.0,34.0,34.0,,,,
34,2022-02-22 10:00:00,0.0,0.0,0.0,0.0,52.0,46.82,94.3,58.7,67.0,102.0,8.0,12.0,12.0,34.0,34.0,34.0,34.0,34.0,347.0,347.0,35.0,35.0,,,,
35,2022-02-22 11:00:00,0.0,0.0,0.0,0.0,51.2,45.53,93.6,58.7,67.0,102.0,8.0,12.0,12.0,35.0,35.0,35.0,35.0,35.0,348.0,348.0,36.0,36.0,,,,
36,2022-02-22 12:00:00,0.0,0.0,0.0,0.0,50.0,44.85,92.4,58.7,67.0,102.0,8.0,12.0,12.0,36.0,36.0,36.0,36.0,36.0,349.0,349.0,37.0,37.0,,,,
37,2022-02-22 13:00:00,0.0,0.0,0.201,0.0,49.6,44.17,91.2,58.7,67.0,102.0,8.0,12.0,12.0,37.0,37.0,37.0,37.0,37.0,350.0,350.0,38.0,38.0,,,,
38,2022-02-22 14:00:00,0.0,0.0,0.0,0.0,48.8,42.61,90.0,58.7,67.0,102.0,8.0,12.0,12.0,38.0,38.0,38.0,38.0,38.0,351.0,351.0,39.0,39.0,,,,
39,2022-02-22 15:00:00,0.0,0.0,0.0,0.0,48.8,41.1,89.0,58.7,67.0,102.0,8.0,12.0,12.0,39.0,39.0,39.0,39.0,39.0,352.0,352.0,40.0,40.0,,,,
40,2022-02-22 16:00:00,0.0,0.0,0.0,0.0,48.8,39.74,89.0,58.7,67.0,102.0,8.0,12.0,12.0,40.0,40.0,40.0,40.0,40.0,353.0,353.0,41.0,41.0,,,,
41,2022-02-22 17:00:00,0.0,0.0,0.0,0.0,48.8,38.43,88.59999999999998,58.7,67.0,102.0,8.0,12.0,12.0,41.0,41.0,41.0,41.0,41.0,354.0,354.0,42.0,42.0,,,,
42,2022-02-22 18:00:00,0.0,0.0,0.0,0.0,48.8,38.25,88.59999999999998,58.7,67.0,102.0,8.0,12.0,12.0,42.0,42.0,42.0,42.0,42.0,355.0,355.0,43.0,43.0,,,,
43,2022-02-22 19:00:00,0.0,0.0,0.0,0.0,48.0,36.86,87.4,58.7,67.0,102.0,8.0,12.0,12.0,43.0,43.0,43.0,43.0,43.0,356.0,356.0,44.0,44.0,,,,
44,2022-02-22 20:00:00,0.0,0.0,0.0,0.0,47.2,34.18,85.79999999999998,58.7,67.0,102.0,8.0,12.0,12.0,44.0,44.0,44.0,44.0,44.0,357.0,357.0,45.0,45.0,,,,
45,2022-02-22 21:00:00,0.0,0.0,0.0,0.0,46.8,33.13,84.59999999999998,58.7,67.0,102.0,8.0,12.0,12.0,45.0,45.0,45.0,45.0,45.0,358.0,358.0,46.0,46.0,,,,
46,2022-02-22 22:00:00,0.0,0.0,0.0,0.0,47.6,33.99,85.4,58.7,67.0,102.0,8.0,12.0,12.0,46.0,46.0,46.0,46.0,46.0,359.0,359.0,47.0,47.0,,,,
47,2022-02-22 23:00:00,0.0,0.0,0.0,0.0,47.6,35.89,87.79999999999998,58.7,67.0,102.0,8.0,12.0,12.0,47.0,47.0,47.0,47.0,47.0,360.0,360.0,48.0,48.0,,,,
48,2022-02-23 00:00:00,0.0,0.0,0.0,0.0,48.8,38.13,88.59999999999998,58.7,67.0,102.0,8.0,12.0,12.0,48.0,48.0,48.0,48.0,48.0,361.0,361.0,49.0,49.0,,,,
49,2022-02-23 01:00:00,0.0,0.0,0.0,0.0,49.6,40.45,89.7,58.7,67.0,102.0,8.0,12.0,12.0,49.0,49.0,49.0,49.0,49.0,362.0,362.0,50.0,50.0,,,,
50,2022-02-23 02:00:00,0.0,0.0,0.0,0.0,50.8,42.84,91.2,58.7,67.0,102.0,8.0,12.0,12.0,50.0,50.0,50.0,50.0,50.0,363.0,363.0,51.0,51.0,,,,
51,2022-02-23 03:00:00,0.0,0.0,0.0,0.0,51.2,45.36,92.7,58.7,67.0,102.0,8.0,12.0,12.0,51.0,51.0,51.0,51.0,51.0,364.0,364.0,52.0,52.0,,,,
52,2022-02-23 04:00:00,0.0,0.0,0.0,0.0,52.0,47.65,94.3,58.7,67.0,102.0,8.0,12.0,12.0,52.0,52.0,52.0,52.0,52.0,365.0,365.0,53.0,53.0,,,,
53,2022-02-23 05:00:00,0.0,0.0,394.529,0.0,53.2,48.91,95.7,58.7,67.0,102.0,8.0,12.0,12.0,53.0,53.0,53.0,53.0,53.0,366.0,366.0,54.0,54.0,,,,
54,2022-02-23 06:00:00,0.0,0.0,621.933,0.0,52.8,47.98,95.1,58.7,67.0,102.0,8.0,12.0,12.0,54.0,54.0,54.0,54.0,54.0,367.0,367.0,55.0,55.0,,,,
55,2022-02-23 07:00:00,0.0,0.0,131.33,0.0,52.0,46.65,93.9,58.7,67.0,102.0,8.0,12.0,12.0,55.0,55.0,55.0,55.0,55.0,368.0,368.0,56.0,56.0,,,,
56,2022-02-23 08:00:00,0.0,0.0,0.0,0.0,52.0,46.43,93.6,58.7,67.0,102.0,8.0,12.0,12.0,56.0,56.0,56.0,56.0,56.0,369.0,369.0,57.0,57.0,,,,
57,2022-02-23 09:00:00,0.0,0.0,0.0,0.0,52.0,46.09,93.6,58.7,67.0,102.0,8.0,12.0,12.0,57.0,57.0,57.0,57.0,57.0,370.0,370.0,58.0,58.0,,,,
58,2022-02-23 10:00:00,0.0,0.0,0.0,0.0,52.0,45.87,93.6,58.7,67.0,102.0,8.0,12.0,12.0,58.0,58.0,58.0,58.0,58.0,371.0,371.0,59.0,59.0,,,,
59,2022-02-23 11:00:00,0.0,0.0,0.0,0.0,52.0,45.7,93.0,58.7,67.0,102.0,8.0,12.0,12.0,59.0,59.0,59.0,59.0,59.0,372.0,372.0,60.0,60.0,,,,
60,2022-02-23 12:00:00,0.0,0.0,0.0,0.0,52.0,44.28,91.8,58.7,67.0,102.0,8.0,12.0,12.0,60.0,60.0,60.0,60.0,60.0,373.0,373.0,61.0,61.0,,,,
61,2022-02-23 13:00:00,0.0,0.0,0.0,0.0,52.0,43.54,90.3,58.7,67.0,102.0,8.0,12.0,12.0,61.0,61.0,61.0,61.0,61.0,374.0,374.0,62.0,62.0,,,,
62,2022-02-23 14:00:00,0.0,0.0,0.0,0.0,52.0,42.38,89.0,58.7,67.0,102.0,8.0,12.0,12.0,62.0,62.0,62.0,62.0,62.0,375.0,375.0,63.0,63.0,,,,
63,2022-02-23 15:00:00,0.0,0.0,200.511,0.0,52.0,41.39,88.59999999999998,58.7,67.0,102.0,8.0,12.0,12.0,63.0,63.0,63.0,63.0,63.0,376.0,376.0,64.0,64.0,,,,
64,2022-02-23 16:00:00,0.0,0.0,871.222,0.0,51.2,39.92,87.0,58.7,67.0,102.0,8.0,12.0,12.0,64.0,64.0,64.0,64.0,64.0,377.0,377.0,65.0,65.0,,,,
65,2022-02-23 17:00:00,0.0,0.0,922.055,0.0,51.2,38.43,85.79999999999998,58.7,67.0,102.0,8.0,12.0,12.0,65.0,65.0,65.0,65.0,65.0,378.0,378.0,66.0,66.0,,,,
66,2022-02-23 18:00:00,0.0,0.0,927.483,0.0,50.0,37.35,85.0,58.7,67.0,102.0,8.0,12.0,12.0,66.0,66.0,66.0,66.0,66.0,379.0,379.0,67.0,67.0,,,,
67,2022-02-23 19:00:00,0.0,0.0,934.321,0.0,49.6,36.08,83.0,58.7,67.0,102.0,8.0,12.0,12.0,67.0,67.0,67.0,67.0,67.0,380.0,380.0,68.0,68.0,,,,
68,2022-02-23 20:00:00,0.0,0.0,937.239,0.0,48.0,33.5,80.59999999999998,58.7,67.0,102.0,8.0,12.0,12.0,68.0,68.0,68.0,68.0,68.0,381.0,381.0,69.0,69.0,,,,
69,2022-02-23 21:00:00,0.0,0.0,338.146,0.0,47.6,31.63,80.2,58.7,67.0,102.0,8.0,12.0,12.0,69.0,69.0,69.0,69.0,69.0,382.0,382.0,70.0,70.0,,,,
70,2022-02-23 22:00:00,0.0,0.0,0.0,0.0,47.6,31.57,80.59999999999998,58.7,67.0,102.0,8.0,12.0,12.0,70.0,70.0,70.0,70.0,70.0,383.0,383.0,71.0,71.0,,,,
71,2022-02-23 23:00:00,0.0,0.0,0.0,0.0,48.0,32.44,81.4,58.7,67.0,102.0,8.0,12.0,12.0,71.0,71.0,71.0,71.0,71.0,384.0,384.0,72.0,72.0,,,,
72,2022-02-24 00:00:00,462.0,0.0,0.0,0.0,48.8,33.5,83.0,58.7,67.0,102.0,8.0,12.0,12.0,72.0,72.0,72.0,72.0,72.0,385.0,385.0,73.0,73.0,,,,
73,2022-02-24 01:00:00,550.0,0.0,0.0,0.0,49.6,35.53,85.4,58.7,67.0,102.0,8.0,12.0,12.0,73.0,73.0,73.0,73.0,73.0,386.0,386.0,74.0,74.0,,,,
74,2022-02-24 02:00:00,412.0,0.0,0.0,0.0,50.8,37.83,87.0,58.7,67.0,102.0,8.0,12.0,12.0,74.0,74.0,74.0,74.0,74.0,387.0,387.0,75.0,75.0,,,,
75,2022-02-24 03:00:00,410.0,0.0,0.0,0.0,51.2,40.15,89.7,58.7,67.0,102.0,8.0,12.0,12.0,75.0,75.0,75.0,75.0,75.0,388.0,388.0,76.0,76.0,,,,
76,2022-02-24 04:00:00,58.0,0.0,0.0,0.0,52.8,42.67,91.5,58.7,67.0,102.0,8.0,12.0,12.0,76.0,76.0,76.0,76.0,76.0,389.0,389.0,77.0,77.0,,,,
77,2022-02-24 05:00:00,0.0,0.0,0.0,0.0,53.2,43.77,92.4,58.7,67.0,102.0,8.0,12.0,12.0,77.0,77.0,77.0,77.0,77.0,390.0,390.0,78.0,78.0,,,,
78,2022-02-24 06:00:00,0.0,0.0,0.0,0.0,52.8,42.84,90.6,58.7,67.0,102.0,8.0,12.0,12.0,78.0,78.0,78.0,78.0,78.0,391.0,391.0,79.0,79.0,,,,
79,2022-02-24 07:00:00,0.0,0.0,0.0,0.0,52.0,40.57,87.79999999999998,58.7,67.0,102.0,8.0,12.0,12.0,79.0,79.0,79.0,79.0,79.0,392.0,392.0,80.0,80.0,,,,
80,2022-02-24 08:00:00,0.0,0.0,0.0,0.0,52.0,39.5,87.0,58.7,67.0,102.0,8.0,12.0,12.0,80.0,80.0,80.0,80.0,80.0,393.0,393.0,81.0,81.0,,,,
81,2022-02-24 09:00:00,0.0,0.0,0.0,0.0,52.0,38.67,86.59999999999998,58.7,67.0,102.0,8.0,12.0,12.0,81.0,81.0,81.0,81.0,81.0,394.0,394.0,82.0,82.0,,,,
82,2022-02-24 10:00:00,0.0,0.0,0.0,0.0,52.0,38.37,86.59999999999998,58.7,67.0,102.0,8.0,12.0,12.0,82.0,82.0,82.0,82.0,82.0,395.0,395.0,83.0,83.0,,,,
83,2022-02-24 11:00:00,0.0,0.0,0.0,0.0,52.0,38.07,86.2,58.7,67.0,102.0,8.0,12.0,12.0,83.0,83.0,83.0,83.0,83.0,396.0,396.0,84.0,84.0,,,,
84,2022-02-24 12:00:00,0.0,0.0,0.0,0.0,52.0,36.8,85.0,58.7,67.0,102.0,8.0,12.0,12.0,84.0,84.0,84.0,84.0,84.0,397.0,397.0,85.0,85.0,,,,
85,2022-02-24 13:00:00,0.0,0.0,0.0,0.0,52.0,36.01,84.2,58.7,67.0,102.0,8.0,12.0,12.0,85.0,85.0,85.0,85.0,85.0,398.0,398.0,86.0,86.0,,,,
86,2022-02-24 14:00:00,0.0,0.0,0.0,0.0,52.0,34.61,83.0,58.7,67.0,102.0,8.0,12.0,12.0,86.0,86.0,86.0,86.0,86.0,399.0,399.0,87.0,87.0,,,,
87,2022-02-24 15:00:00,0.0,0.0,0.0,0.0,51.2,33.75,82.2,58.7,67.0,102.0,8.0,12.0,12.0,87.0,87.0,87.0,87.0,87.0,400.0,400.0,88.0,88.0,,,,
88,2022-02-24 16:00:00,0.0,0.0,0.0,0.0,50.0,32.88,81.0,58.7,67.0,102.0,8.0,12.0,12.0,88.0,88.0,88.0,88.0,88.0,401.0,401.0,89.0,89.0,,,,
89,2022-02-24 17:00:00,0.0,0.0,0.0,0.0,48.8,31.94,80.2,58.7,67.0,102.0,8.0,12.0,12.0,89.0,89.0,89.0,89.0,89.0,402.0,402.0,90.0,90.0,,,,
90,2022-02-24 18:00:00,0.0,0.0,0.0,0.0,48.8,31.32,78.59999999999998,58.7,67.0,102.0,8.0,12.0,12.0,90.0,90.0,90.0,90.0,90.0,403.0,403.0,91.0,91.0,,,,
91,2022-02-24 19:00:00,0.0,0.0,0.0,0.0,47.6,29.68,78.2,58.7,67.0,102.0,8.0,12.0,12.0,91.0,91.0,91.0,91.0,91.0,404.0,404.0,92.0,92.0,,,,
92,2022-02-24 20:00:00,0.0,0.0,0.0,0.0,47.2,28.47,76.59999999999998,58.7,67.0,102.0,8.0,12.0,12.0,92.0,92.0,92.0,92.0,92.0,405.0,405.0,93.0,93.0,,,,
93,2022-02-24 21:00:00,0.0,0.0,0.0,0.0,47.2,28.66,76.59999999999998,58.7,67.0,102.0,8.0,12.0,12.0,93.0,93.0,93.0,93.0,93.0,406.0,406.0,94.0,94.0,,,,
94,2022-02-24 22:00:00,0.0,0.0,0.0,0.0,47.6,30.63,80.2,58.7,67.0,102.0,8.0,12.0,12.0,94.0,94.0,94.0,94.0,94.0,407.0,407.0,95.0,95.0,,,,
95,2022-02-24 23:00:00,0.0,0.0,0.0,0.0,48.0,33.0,80.2,58.7,67.0,102.0,8.0,12.0,12.0,95.0,95.0,95.0,95.0,95.0,408.0,408.0,96.0,96.0,,,,
96,2022-02-25 00:00:00,0.0,0.0,0.0,0.0,48.8,34.91,84.2,58.7,67.0,102.0,8.0,12.0,12.0,96.0,96.0,96.0,96.0,96.0,409.0,409.0,97.0,97.0,,,,
97,2022-02-25 01:00:00,0.0,0.0,0.0,0.0,50.0,37.23,84.2,58.7,67.0,102.0,8.0,12.0,12.0,97.0,97.0,97.0,97.0,97.0,410.0,410.0,98.0,98.0,,,,
98,2022-02-25 02:00:00,0.0,0.0,0.0,0.0,50.8,39.62,86.59999999999998,58.7,67.0,102.0,8.0,12.0,12.0,98.0,98.0,98.0,98.0,98.0,411.0,411.0,99.0,99.0,,,,
99,2022-02-25 03:00:00,0.0,0.0,0.0,0.0,52.0,42.15,89.0,58.7,67.0,102.0,8.0,12.0,12.0,99.0,99.0,99.0,99.0,99.0,412.0,412.0,100.0,100.0,,,,
100,2022-02-25 04:00:00,0.0,0.0,0.0,0.0,52.8,44.39,91.2,58.7,67.0,102.0,8.0,12.0,12.0,100.0,100.0,100.0,100.0,100.0,413.0,413.0,101.0,101.0,,,,
101,2022-02-25 05:00:00,0.0,0.0,0.0,0.0,53.6,46.48,93.0,58.7,67.0,102.0,8.0,12.0,12.0,101.0,101.0,101.0,101.0,101.0,414.0,414.0,102.0,102.0,,,,
102,2022-02-25 06:00:00,0.0,0.0,0.0,0.0,53.6,46.76,93.9,58.7,67.0,102.0,8.0,12.0,12.0,102.0,102.0,102.0,102.0,102.0,415.0,415.0,103.0,103.0,,,,
103,2022-02-25 07:00:00,0.0,0.0,0.0,0.0,53.6,45.3,93.3,58.7,67.0,102.0,8.0,12.0,12.0,103.0,103.0,103.0,103.0,103.0,416.0,416.0,104.0,104.0,,,,
104,2022-02-25 08:00:00,0.0,0.0,0.0,0.0,53.6,44.68,93.0,58.7,67.0,102.0,8.0,12.0,12.0,104.0,104.0,104.0,104.0,104.0,417.0,417.0,105.0,105.0,,,,
105,2022-02-25 09:00:00,0.0,0.0,0.0,0.0,53.2,44.62,92.4,58.7,67.0,102.0,8.0,12.0,12.0,105.0,105.0,105.0,105.0,105.0,418.0,418.0,106.0,106.0,,,,
106,2022-02-25 10:00:00,0.0,0.0,0.0,0.0,53.2,44.68,92.4,58.7,67.0,102.0,8.0,12.0,12.0,106.0,106.0,106.0,106.0,106.0,419.0,419.0,107.0,107.0,,,,
107,2022-02-25 11:00:00,0.0,0.0,0.0,0.0,53.2,44.68,92.1,58.7,67.0,102.0,8.0,12.0,12.0,107.0,107.0,107.0,107.0,107.0,420.0,420.0,108.0,108.0,,,,
108,2022-02-25 12:00:00,0.0,0.0,0.018,0.0,53.2,44.56,91.2,58.7,67.0,102.0,8.0,12.0,12.0,108.0,108.0,108.0,108.0,108.0,421.0,421.0,109.0,109.0,,,,
109,2022-02-25 13:00:00,0.0,0.0,0.0,0.0,52.0,44.62,90.6,58.7,67.0,102.0,8.0,12.0,12.0,109.0,109.0,109.0,109.0,109.0,422.0,422.0,110.0,110.0,,,,
110,2022-02-25 14:00:00,0.0,0.0,0.0,0.0,51.2,44.22,90.3,58.7,67.0,102.0,8.0,12.0,12.0,110.0,110.0,110.0,110.0,110.0,423.0,423.0,111.0,111.0,,,,
111,2022-02-25 15:00:00,0.0,0.0,0.0,0.0,51.2,43.42,90.0,58.7,67.0,102.0,8.0,12.0,12.0,111.0,111.0,111.0,111.0,111.0,424.0,424.0,112.0,112.0,,,,
112,2022-02-25 16:00:00,0.0,0.0,0.0,0.0,51.2,42.79,89.7,58.7,67.0,102.0,8.0,12.0,12.0,112.0,112.0,112.0,112.0,112.0,425.0,425.0,113.0,113.0,,,,
113,2022-02-25 17:00:00,0.0,0.0,0.0,0.0,51.2,42.79,89.7,58.7,67.0,102.0,8.0,12.0,12.0,113.0,113.0,113.0,113.0,113.0,426.0,426.0,114.0,114.0,,,,
114,2022-02-25 18:00:00,0.0,0.0,0.0,0.0,51.2,42.44,90.0,58.7,67.0,102.0,8.0,12.0,12.0,114.0,114.0,114.0,114.0,114.0,427.0,427.0,115.0,115.0,,,,
115,2022-02-25 19:00:00,0.0,0.0,0.0,0.0,50.8,41.8,89.0,58.7,67.0,102.0,8.0,12.0,12.0,115.0,115.0,115.0,115.0,115.0,428.0,428.0,116.0,116.0,,,,
116,2022-02-25 20:00:00,0.0,0.0,0.0,0.0,49.6,41.04,87.0,58.7,67.0,102.0,8.0,12.0,12.0,116.0,116.0,116.0,116.0,116.0,429.0,429.0,117.0,117.0,,,,
117,2022-02-25 21:00:00,0.0,0.0,0.0,0.0,48.8,39.5,86.2,58.7,67.0,102.0,8.0,12.0,12.0,117.0,117.0,117.0,117.0,117.0,430.0,430.0,118.0,118.0,,,,
118,2022-02-25 22:00:00,0.0,0.0,0.0,0.0,48.0,37.95,85.4,58.7,67.0,102.0,8.0,12.0,12.0,118.0,118.0,118.0,118.0,118.0,431.0,431.0,119.0,119.0,,,,
119,2022-02-25 23:00:00,0.0,0.0,0.0,0.0,47.6,37.05,85.4,58.7,67.0,102.0,8.0,12.0,12.0,119.0,119.0,119.0,119.0,119.0,432.0,432.0,120.0,120.0,,,,
120,2022-02-26 00:00:00,0.0,0.0,0.0,0.0,48.0,37.71,86.59999999999998,58.7,67.0,102.0,8.0,12.0,12.0,120.0,120.0,120.0,120.0,120.0,433.0,433.0,121.0,121.0,,,,
121,2022-02-26 01:00:00,0.0,0.0,0.0,0.0,48.8,39.74,88.59999999999998,58.7,67.0,102.0,8.0,12.0,12.0,121.0,121.0,121.0,121.0,121.0,434.0,434.0,122.0,122.0,,,,
122,2022-02-26 02:00:00,0.0,0.0,0.0,0.0,50.0,42.09,90.6,58.7,67.0,102.0,8.0,12.0,12.0,122.0,122.0,122.0,122.0,122.0,435.0,435.0,123.0,123.0,,,,
123,2022-02-26 03:00:00,0.0,0.0,0.0,0.0,50.8,44.45,92.7,58.7,67.0,102.0,8.0,12.0,12.0,123.0,123.0,123.0,123.0,123.0,436.0,436.0,124.0,124.0,,,,
124,2022-02-26 04:00:00,0.0,0.0,0.0,0.0,52.0,46.82,94.3,58.7,67.0,102.0,8.0,12.0,12.0,124.0,124.0,124.0,124.0,124.0,437.0,437.0,125.0,125.0,,,,
125,2022-02-26 05:00:00,0.0,0.0,0.0,0.0,52.8,49.02,96.6,58.7,67.0,102.0,8.0,12.0,12.0,125.0,125.0,125.0,125.0,125.0,438.0,438.0,126.0,126.0,,,,
126,2022-02-26 06:00:00,0.0,0.0,0.0,0.0,53.6,50.52,98.1,58.7,67.0,102.0,8.0,12.0,12.0,126.0,126.0,126.0,126.0,126.0,439.0,439.0,127.0,127.0,,,,
127,2022-02-26 07:00:00,0.0,0.0,0.0,0.0,53.6,51.11,98.4,58.7,67.0,102.0,8.0,12.0,12.0,127.0,127.0,127.0,127.0,127.0,440.0,440.0,128.0,128.0,,,,
128,2022-02-26 08:00:00,0.0,0.0,0.0,0.0,53.6,50.1,96.6,58.7,67.0,102.0,8.0,12.0,12.0,128.0,128.0,128.0,128.0,128.0,441.0,441.0,129.0,129.0,,,,
129,2022-02-26 09:00:00,0.0,0.0,0.0,0.0,53.6,48.64,95.1,58.7,67.0,102.0,8.0,12.0,12.0,129.0,129.0,129.0,129.0,129.0,442.0,442.0,130.0,130.0,,,,
130,2022-02-26 10:00:00,0.0,0.0,0.0,0.0,53.6,46.98,93.6,58.7,67.0,102.0,8.0,12.0,12.0,130.0,130.0,130.0,130.0,130.0,443.0,444.0,132.0,132.0,,,,
131,2022-02-26 11:00:00,0.0,0.0,0.0,0.0,53.6,45.47,93.3,58.7,67.0,102.0,8.0,12.0,12.0,131.0,131.0,131.0,131.0,131.0,444.0,445.0,133.0,133.0,,,,
132,2022-02-26 12:00:00,0.0,0.0,0.0,0.0,53.6,43.77,92.7,58.7,67.0,102.0,8.0,12.0,12.0,132.0,132.0,132.0,132.0,132.0,445.0,446.0,134.0,134.0,,,,
133,2022-02-26 13:00:00,37.0,0.0,0.0,0.0,52.8,43.02,91.8,58.7,67.0,102.0,8.0,12.0,12.0,133.0,133.0,133.0,133.0,133.0,446.0,447.0,135.0,135.0,,,,
134,2022-02-26 14:00:00,0.0,0.0,0.0,0.0,51.2,42.09,91.2,58.7,67.0,102.0,8.0,12.0,12.0,134.0,134.0,134.0,134.0,134.0,447.0,448.0,136.0,136.0,,,,
135,2022-02-26 15:00:00,0.0,0.0,0.0,0.0,50.0,41.51,90.6,58.7,67.0,102.0,8.0,12.0,12.0,135.0,135.0,135.0,135.0,135.0,448.0,449.0,137.0,137.0,,,,
136,2022-02-26 16:00:00,0.0,0.0,0.0,0.0,49.6,40.57,90.3,58.7,67.0,102.0,8.0,12.0,12.0,136.0,136.0,136.0,136.0,136.0,449.0,450.0,138.0,138.0,,,,
137,2022-02-26 17:00:00,0.0,0.0,0.0,0.0,48.0,39.74,89.4,58.7,67.0,102.0,8.0,12.0,12.0,137.0,137.0,137.0,137.0,137.0,450.0,451.0,139.0,139.0,,,,
138,2022-02-26 18:00:00,0.0,0.0,0.0,0.0,48.0,38.97,88.2,58.7,67.0,102.0,8.0,12.0,12.0,138.0,138.0,138.0,138.0,138.0,451.0,452.0,140.0,140.0,,,,
139,2022-02-26 19:00:00,0.0,0.0,0.0,0.0,47.6,38.49,87.0,58.7,67.0,102.0,8.0,12.0,12.0,139.0,139.0,139.0,139.0,139.0,452.0,453.0,141.0,141.0,,,,
140,2022-02-26 20:00:00,0.0,0.0,0.0,0.0,47.2,36.8,85.4,58.7,67.0,102.0,8.0,12.0,12.0,140.0,140.0,140.0,140.0,140.0,453.0,454.0,142.0,142.0,,,,
141,2022-02-26 21:00:00,0.0,0.0,0.0,0.0,46.8,35.47,83.79999999999998,58.7,67.0,102.0,8.0,12.0,12.0,141.0,141.0,141.0,141.0,141.0,454.0,455.0,143.0,143.0,,,,
142,2022-02-26 22:00:00,0.0,0.0,0.0,0.0,47.2,35.83,84.2,58.7,67.0,102.0,8.0,12.0,12.0,142.0,142.0,142.0,142.0,142.0,455.0,456.0,144.0,144.0,,,,
143,2022-02-26 23:00:00,0.0,0.0,0.0,0.0,47.6,36.56,85.4,58.7,67.0,102.0,8.0,12.0,12.0,143.0,143.0,143.0,143.0,143.0,456.0,457.0,145.0,145.0,,,,
144,2022-02-27 00:00:00,0.0,0.0,0.0,0.0,48.0,37.41,87.0,58.7,67.0,102.0,8.0,12.0,12.0,144.0,144.0,144.0,144.0,144.0,457.0,458.0,146.0,146.0,,,,
145,2022-02-27 01:00:00,0.0,0.0,0.0,0.0,49.6,38.19,89.4,58.7,67.0,102.0,8.0,12.0,12.0,145.0,145.0,145.0,145.0,145.0,458.0,459.0,147.0,147.0,,,,
146,2022-02-27 02:00:00,0.0,0.0,0.0,0.0,50.8,39.03,91.8,58.7,67.0,102.0,8.0,12.0,12.0,146.0,146.0,146.0,146.0,146.0,459.0,460.0,148.0,148.0,,,,
147,2022-02-27 03:00:00,0.0,0.0,0.0,0.0,51.2,39.8,93.3,58.7,67.0,102.0,8.0,12.0,12.0,147.0,147.0,147.0,147.0,147.0,460.0,461.0,149.0,149.0,,,,
148,2022-02-27 04:00:00,0.0,0.0,0.0,0.0,52.0,41.39,95.4,58.7,67.0,102.0,8.0,12.0,12.0,148.0,148.0,148.0,148.0,148.0,461.0,462.0,150.0,150.0,,,,
149,2022-02-27 05:00:00,0.0,0.0,0.0,0.0,53.2,43.02,97.2,58.7,67.0,102.0,8.0,12.0,12.0,149.0,149.0,149.0,149.0,149.0,462.0,463.0,151.0,151.0,,,,
150,2022-02-27 06:00:00,0.0,0.0,0.0,0.0,53.6,44.51,101.7,58.7,67.0,102.0,8.0,12.0,12.0,150.0,150.0,150.0,150.0,150.0,463.0,465.0,153.0,153.0,,,,
151,2022-02-27 07:00:00,0.0,0.0,0.0,0.0,54.4,45.58,98.4,58.7,67.0,102.0,8.0,12.0,12.0,151.0,151.0,151.0,151.0,151.0,464.0,466.0,154.0,154.0,,,,
152,2022-02-27 08:00:00,0.0,0.0,0.0,0.0,54.4,45.13,96.9,58.7,67.0,102.0,8.0,12.0,12.0,152.0,152.0,152.0,152.0,152.0,465.0,467.0,155.0,155.0,,,,
153,2022-02-27 09:00:00,0.0,0.0,0.0,0.0,54.4,45.19,94.2,58.7,67.0,102.0,8.0,12.0,12.0,153.0,153.0,153.0,153.0,153.0,466.0,468.0,156.0,156.0,,,,
154,2022-02-27 10:00:00,0.0,0.0,0.0,0.0,54.4,43.94,91.8,58.7,67.0,102.0,8.0,12.0,12.0,154.0,154.0,154.0,154.0,154.0,467.0,469.0,157.0,157.0,,,,
155,2022-02-27 11:00:00,0.0,0.0,0.0,0.0,54.4,42.44,90.8,58.7,67.0,102.0,8.0,12.0,12.0,155.0,155.0,155.0,155.0,155.0,468.0,470.0,158.0,158.0,,,,
156,2022-02-27 12:00:00,0.0,0.0,0.0,0.0,54.4,41.27,90.6,58.7,67.0,102.0,8.0,12.0,12.0,156.0,156.0,156.0,156.0,156.0,469.0,471.0,159.0,159.0,,,,
157,2022-02-27 13:00:00,0.0,0.0,0.0,0.0,53.6,41.21,89.4,58.7,67.0,102.0,8.0,12.0,12.0,157.0,157.0,157.0,157.0,157.0,470.0,472.0,160.0,160.0,,,,
158,2022-02-27 14:00:00,0.0,0.0,0.0,0.0,53.6,41.04,87.79999999999998,58.7,67.0,102.0,8.0,12.0,12.0,158.0,158.0,158.0,158.0,158.0,471.0,473.0,161.0,161.0,,,,
159,2022-02-27 15:00:00,0.0,0.0,0.0,0.0,53.6,40.27,87.79999999999998,58.7,67.0,102.0,8.0,12.0,12.0,159.0,159.0,159.0,159.0,159.0,472.0,474.0,162.0,162.0,,,,
160,2022-02-27 16:00:00,0.0,0.0,0.0,0.0,53.6,38.67,87.4,58.7,67.0,102.0,8.0,12.0,12.0,160.0,160.0,160.0,160.0,160.0,473.0,475.0,163.0,163.0,,,,
161,2022-02-27 17:00:00,0.0,0.0,0.0,0.0,53.6,38.25,87.4,58.7,67.0,102.0,8.0,12.0,12.0,161.0,161.0,161.0,161.0,161.0,474.0,476.0,164.0,164.0,,,,
162,2022-02-27 18:00:00,0.0,0.0,0.0,0.0,54.4,38.25,88.2,58.7,67.0,102.0,8.0,12.0,12.0,162.0,162.0,162.0,162.0,162.0,475.0,477.0,165.0,165.0,,,,
163,2022-02-27 19:00:00,0.0,0.0,0.0,0.0,53.6,37.95,88.2,58.7,67.0,102.0,8.0,12.0,12.0,163.0,163.0,163.0,163.0,163.0,476.0,478.0,166.0,166.0,,,,
164,2022-02-27 20:00:00,0.0,0.0,0.0,0.0,52.8,36.2,86.2,58.7,67.0,102.0,8.0,12.0,12.0,164.0,164.0,164.0,164.0,164.0,477.0,479.0,167.0,167.0,,,,
165,2022-02-27 21:00:00,0.0,0.0,0.0,0.0,52.8,35.04,85.79999999999998,58.7,67.0,102.0,8.0,12.0,12.0,165.0,165.0,165.0,165.0,165.0,478.0,480.0,168.0,168.0,,,,
166,2022-02-27 22:00:00,0.0,0.0,0.0,0.0,52.8,34.85,86.2,58.7,67.0,102.0,8.0,12.0,12.0,166.0,166.0,166.0,166.0,166.0,479.0,481.0,169.0,169.0,,,,
167,2022-02-27 23:00:00,0.0,0.0,0.031,0.0,52.8,34.91,87.4,58.7,67.0,102.0,8.0,12.0,12.0,167.0,167.0,167.0,167.0,167.0,480.0,482.0,170.0,170.0,,,,
168,2022-02-28 00:00:00,0.0,0.0,0.0,0.0,53.2,36.56,89.4,58.7,67.0,102.0,8.0,12.0,12.0,168.0,168.0,168.0,168.0,168.0,145.0,0.0,0.0,,,,,
169,2022-02-28 01:00:00,0.0,0.0,0.0,0.0,54.4,38.97,90.8,58.7,67.0,102.0,8.0,12.0,12.0,169.0,169.0,169.0,169.0,169.0,146.0,1.0,1.0,,,,,
170,2022-02-28 02:00:00,0.0,0.0,0.0,0.0,55.2,41.51,92.4,58.7,67.0,102.0,8.0,12.0,12.0,170.0,170.0,170.0,170.0,170.0,147.0,2.0,2.0,,,,,
171,2022-02-28 03:00:00,0.0,0.0,0.0,0.0,55.9,43.54,95.4,58.7,67.0,102.0,8.0,12.0,12.0,171.0,171.0,171.0,171.0,171.0,148.0,3.0,3.0,,,,,
172,2022-02-28 04:00:00,0.0,0.0,0.0,0.0,56.7,45.87,96.3,58.7,67.0,102.0,8.0,12.0,12.0,172.0,172.0,172.0,172.0,172.0,149.0,4.0,4.0,,,,,
173,2022-02-28 05:00:00,0.0,0.0,0.0,0.0,58.5,48.03,98.4,58.7,67.0,102.0,8.0,12.0,12.0,173.0,173.0,173.0,173.0,173.0,150.0,5.0,5.0,,,,,
174,2022-02-28 06:00:00,0.0,0.0,0.0,0.0,57.5,47.76,97.2,58.7,67.0,102.0,8.0,12.0,12.0,174.0,174.0,174.0,174.0,174.0,151.0,6.0,6.0,,,,,
175,2022-02-28 07:00:00,0.0,0.0,0.0,0.0,55.9,45.7,94.2,58.7,67.0,102.0,8.0,12.0,12.0,175.0,175.0,175.0,175.0,175.0,152.0,7.0,7.0,,,,,
176,2022-02-28 08:00:00,0.0,0.0,0.0,0.0,55.2,44.91,92.7,58.7,67.0,102.0,8.0,12.0,12.0,176.0,176.0,176.0,176.0,176.0,153.0,8.0,8.0,,,,,
177,2022-02-28 09:00:00,0.0,0.0,0.0,0.0,54.4,44.11,91.8,58.7,67.0,102.0,8.0,12.0,12.0,177.0,177.0,177.0,177.0,177.0,154.0,9.0,9.0,,,,,
178,2022-02-28 10:00:00,0.0,0.0,0.0,0.0,53.2,43.07,90.8,58.7,67.0,102.0,8.0,12.0,12.0,178.0,178.0,178.0,178.0,178.0,155.0,10.0,10.0,,,,,
179,2022-02-28 11:00:00,0.0,0.0,0.0,0.0,52.8,41.97,90.3,58.7,67.0,102.0,8.0,12.0,12.0,179.0,179.0,179.0,179.0,179.0,156.0,11.0,11.0,,,,,
180,2022-02-28 12:00:00,0.0,0.0,0.0,0.0,51.2,41.1,89.7,58.7,67.0,102.0,8.0,12.0,12.0,180.0,180.0,180.0,180.0,180.0,157.0,12.0,12.0,,,,,
181,2022-02-28 13:00:00,0.0,0.0,0.0,0.0,51.2,40.33,89.7,58.7,67.0,102.0,8.0,12.0,12.0,181.0,181.0,181.0,181.0,181.0,158.0,13.0,13.0,,,,,
182,2022-02-28 14:00:00,0.0,0.0,0.0,0.0,50.8,39.44,89.7,58.7,67.0,102.0,8.0,12.0,12.0,182.0,182.0,182.0,182.0,182.0,159.0,14.0,14.0,,,,,
183,2022-02-28 15:00:00,0.0,0.0,186.257,0.0,50.8,38.07,88.59999999999998,58.7,67.0,102.0,8.0,12.0,12.0,183.0,183.0,183.0,183.0,183.0,160.0,15.0,15.0,,,,,
184,2022-02-28 16:00:00,0.0,0.0,448.973,0.0,50.0,36.2,86.59999999999998,58.7,67.0,102.0,8.0,12.0,12.0,184.0,184.0,184.0,184.0,184.0,161.0,16.0,16.0,,,,,
185,2022-02-28 17:00:00,67.0,0.0,830.7999999999998,0.0,49.6,34.67,83.79999999999998,58.7,67.0,102.0,8.0,12.0,12.0,185.0,185.0,185.0,185.0,185.0,162.0,17.0,17.0,,,,,
186,2022-02-28 18:00:00,253.0,0.0,928.467,0.0,48.0,32.88,82.2,58.7,67.0,102.0,8.0,12.0,12.0,186.0,186.0,186.0,186.0,186.0,163.0,18.0,18.0,,,,,
187,2022-02-28 19:00:00,255.0,0.0,935.633,0.0,47.2,31.25,79.4,58.7,67.0,102.0,8.0,12.0,12.0,187.0,187.0,187.0,187.0,187.0,164.0,19.0,19.0,,,,,
188,2022-02-28 20:00:00,258.0,0.0,939.722,0.0,46.8,28.66,77.4,58.7,67.0,102.0,8.0,12.0,12.0,188.0,188.0,188.0,188.0,188.0,165.0,20.0,20.0,,,,,
189,2022-02-28 21:00:00,94.0,0.0,821.216,0.0,46.0,27.0,77.59999999999998,58.7,67.0,102.0,8.0,12.0,12.0,189.0,189.0,189.0,189.0,189.0,166.0,21.0,21.0,,,,,
190,2022-02-28 22:00:00,0.0,0.0,345.563,0.0,46.0,26.8,77.79999999999998,58.7,67.0,102.0,8.0,12.0,12.0,190.0,190.0,190.0,190.0,190.0,167.0,22.0,22.0,,,,,
191,2022-02-28 23:00:00,0.0,0.0,311.699,0.0,46.0,27.64,75.0,58.7,67.0,102.0,8.0,12.0,12.0,191.0,191.0,191.0,191.0,191.0,168.0,23.0,23.0,,,,,
192,2022-03-01 00:00:00,0.0,0.0,177.083,0.0,46.8,28.92,79.4,58.7,67.0,102.0,8.0,12.0,12.0,192.0,192.0,192.0,192.0,192.0,169.0,24.0,24.0,,,,,
193,2022-03-01 01:00:00,0.0,0.0,0.0,0.0,47.6,31.07,81.4,58.7,67.0,102.0,8.0,12.0,12.0,193.0,193.0,193.0,193.0,193.0,170.0,25.0,25.0,,,,,
194,2022-03-01 02:00:00,0.0,0.0,0.0,0.0,48.8,33.68,83.79999999999998,58.7,67.0,102.0,8.0,12.0,12.0,194.0,194.0,194.0,194.0,194.0,171.0,26.0,26.0,,,,,
195,2022-03-01 03:00:00,0.0,0.0,0.0,0.0,48.8,35.83,86.2,58.7,67.0,102.0,8.0,12.0,12.0,195.0,195.0,195.0,195.0,195.0,172.0,27.0,27.0,,,,,
196,2022-03-01 04:00:00,0.0,0.0,34.903,0.0,49.6,38.25,87.4,58.7,67.0,102.0,8.0,12.0,12.0,196.0,196.0,196.0,196.0,196.0,173.0,28.0,28.0,,,,,
197,2022-03-01 05:00:00,608.0,0.0,840.438,0.0,49.6,38.49,87.0,58.7,67.0,102.0,8.0,12.0,12.0,197.0,197.0,197.0,197.0,197.0,174.0,29.0,29.0,,,,,
198,2022-03-01 06:00:00,1330.0,0.0,945.975,0.0,48.8,37.11,85.4,58.7,67.0,102.0,8.0,12.0,12.0,198.0,198.0,198.0,198.0,198.0,175.0,31.0,31.0,,,,,
199,2022-03-01 07:00:00,1229.0,0.0,943.301,0.0,47.6,34.85,84.2,58.7,67.0,102.0,8.0,12.0,12.0,199.0,199.0,199.0,199.0,199.0,176.0,32.0,32.0,,,,,
200,2022-03-01 08:00:00,807.0,0.0,932.332,0.0,47.6,34.55,83.4,58.7,67.0,102.0,8.0,12.0,12.0,200.0,200.0,200.0,200.0,200.0,177.0,33.0,33.0,,,,,
201,2022-03-01 09:00:00,771.0,0.0,893.298,0.0,47.6,33.68,82.59999999999998,58.7,67.0,102.0,8.0,12.0,12.0,201.0,201.0,201.0,201.0,201.0,178.0,34.0,34.0,,,,,
202,2022-03-01 10:00:00,789.0,0.0,611.056,0.0,47.2,32.82,82.2,58.7,67.0,102.0,8.0,12.0,12.0,202.0,202.0,202.0,202.0,202.0,179.0,35.0,35.0,,,,,
203,2022-03-01 11:00:00,749.0,0.0,478.166,0.0,47.2,32.63,82.2,58.7,67.0,102.0,8.0,12.0,12.0,203.0,203.0,203.0,203.0,203.0,180.0,36.0,36.0,,,,,
204,2022-03-01 12:00:00,776.0,0.0,107.492,0.0,47.2,32.63,81.79999999999998,58.7,67.0,102.0,8.0,12.0,12.0,204.0,204.0,204.0,204.0,204.0,181.0,37.0,37.0,,,,,
205,2022-03-01 13:00:00,798.0,0.0,0.0,0.0,46.8,32.63,81.79999999999998,58.7,67.0,102.0,8.0,12.0,12.0,205.0,205.0,205.0,205.0,205.0,182.0,38.0,38.0,,,,,
206,2022-03-01 14:00:00,781.0,0.0,0.0,0.0,46.0,32.63,81.0,58.7,67.0,102.0,8.0,12.0,12.0,206.0,206.0,206.0,206.0,206.0,183.0,39.0,39.0,,,,,
207,2022-03-01 15:00:00,789.0,0.0,178.265,0.0,45.6,31.82,79.79999999999998,58.7,67.0,102.0,8.0,12.0,12.0,207.0,207.0,207.0,207.0,207.0,184.0,40.0,40.0,,,,,
208,2022-03-01 16:00:00,787.0,0.0,679.207,0.0,44.0,30.94,78.59999999999998,58.7,67.0,102.0,8.0,12.0,12.0,208.0,208.0,208.0,208.0,208.0,185.0,41.0,41.0,,,,,
209,2022-03-01 17:00:00,785.0,0.0,925.974,0.0,43.3,30.12,77.0,58.7,67.0,102.0,8.0,12.0,12.0,209.0,209.0,209.0,209.0,209.0,186.0,42.0,42.0,,,,,
210,2022-03-01 18:00:00,781.0,0.0,935.019,0.0,43.3,29.36,77.0,58.7,67.0,102.0,8.0,12.0,12.0,210.0,210.0,210.0,210.0,210.0,187.0,43.0,43.0,,,,,
211,2022-03-01 19:00:00,790.0,0.0,939.677,0.0,43.3,28.66,75.79999999999998,58.7,67.0,102.0,8.0,12.0,12.0,211.0,211.0,211.0,211.0,211.0,188.0,44.0,44.0,,,,,
212,2022-03-01 20:00:00,773.0,0.0,944.859,0.0,42.0,26.35,73.79999999999998,58.7,67.0,102.0,8.0,12.0,12.0,212.0,212.0,212.0,212.0,212.0,189.0,45.0,45.0,,,,,
213,2022-03-01 21:00:00,698.0,0.0,949.653,0.0,42.0,24.59,73.0,58.7,67.0,102.0,8.0,12.0,12.0,213.0,213.0,213.0,213.0,213.0,190.0,46.0,46.0,,,,,
214,2022-03-01 22:00:00,112.0,0.0,763.097,0.0,42.5,25.51,74.59999999999998,58.7,67.0,102.0,8.0,12.0,12.0,214.0,214.0,214.0,214.0,214.0,191.0,47.0,47.0,,,,,
215,2022-03-01 23:00:00,0.0,0.0,2.204,0.0,43.7,27.77,76.59999999999998,58.7,67.0,102.0,8.0,12.0,12.0,215.0,215.0,215.0,215.0,215.0,192.0,48.0,48.0,,,,,
216,2022-03-02 00:00:00,0.0,0.0,4.701,0.0,43.7,28.66,77.79999999999998,58.7,67.0,102.0,8.0,12.0,12.0,216.0,216.0,216.0,216.0,216.0,193.0,49.0,49.0,,,,,
217,2022-03-02 01:00:00,0.0,0.0,572.335,0.0,44.8,30.06,78.59999999999998,58.7,67.0,102.0,8.0,12.0,12.0,217.0,217.0,217.0,217.0,217.0,194.0,50.0,50.0,,,,,
218,2022-03-02 02:00:00,0.0,0.0,933.122,0.0,45.6,32.38,80.2,58.7,67.0,102.0,8.0,12.0,12.0,218.0,218.0,218.0,218.0,218.0,195.0,51.0,51.0,,,,,
219,2022-03-02 03:00:00,0.0,0.0,947.106,0.0,46.8,35.22,82.2,58.7,67.0,102.0,8.0,12.0,12.0,219.0,219.0,219.0,219.0,219.0,196.0,52.0,52.0,,,,,
220,2022-03-02 04:00:00,183.0,0.0,951.527,0.0,47.2,37.23,84.59999999999998,58.7,67.0,102.0,8.0,12.0,12.0,220.0,220.0,220.0,220.0,220.0,197.0,53.0,53.0,,,,,
221,2022-03-02 05:00:00,255.0,0.0,953.0150000000002,0.0,47.6,39.38,87.0,58.7,67.0,102.0,8.0,12.0,12.0,221.0,221.0,221.0,221.0,221.0,198.0,54.0,54.0,,,,,
222,2022-03-02 06:00:00,250.0,0.0,912.994,0.0,47.2,39.09,86.2,58.7,67.0,102.0,8.0,12.0,12.0,222.0,222.0,222.0,222.0,222.0,199.0,55.0,55.0,,,,,
223,2022-03-02 07:00:00,254.0,0.0,429.166,0.0,46.0,37.29,84.59999999999998,58.7,67.0,102.0,8.0,12.0,12.0,223.0,223.0,223.0,223.0,223.0,200.0,56.0,56.0,,,,,
224,2022-03-02 08:00:00,263.0,0.0,281.683,0.0,46.0,37.23,83.79999999999998,58.7,67.0,102.0,8.0,12.0,12.0,224.0,224.0,224.0,224.0,224.0,201.0,57.0,57.0,,,,,
225,2022-03-02 09:00:00,155.0,0.0,6.822,0.0,45.6,37.23,83.79999999999998,58.7,67.0,102.0,8.0,12.0,12.0,225.0,225.0,225.0,225.0,225.0,202.0,58.0,58.0,,,,,
226,2022-03-02 10:00:00,0.0,0.0,0.0,0.0,46.0,37.23,83.0,58.7,67.0,102.0,8.0,12.0,12.0,226.0,226.0,226.0,226.0,226.0,203.0,59.0,59.0,,,,,
227,2022-03-02 11:00:00,0.0,0.0,0.0,0.0,46.0,37.23,82.59999999999998,58.7,67.0,102.0,8.0,12.0,12.0,227.0,227.0,227.0,227.0,227.0,204.0,60.0,60.0,,,,,
228,2022-03-02 12:00:00,0.0,0.0,0.0,0.0,45.6,37.23,81.79999999999998,58.7,67.0,102.0,8.0,12.0,12.0,228.0,228.0,228.0,228.0,228.0,205.0,61.0,61.0,,,,,
229,2022-03-02 13:00:00,0.0,0.0,0.0,0.0,44.8,36.8,81.0,58.7,67.0,102.0,8.0,12.0,12.0,229.0,229.0,229.0,229.0,229.0,206.0,62.0,62.0,,,,,
230,2022-03-02 14:00:00,217.0,0.0,0.0,0.0,43.7,35.65,80.2,58.7,67.0,102.0,8.0,12.0,12.0,230.0,230.0,230.0,230.0,230.0,207.0,63.0,63.0,,,,,
231,2022-03-02 15:00:00,675.0,0.0,5.641,0.0,42.5,34.3,79.4,58.7,67.0,102.0,8.0,12.0,12.0,231.0,231.0,231.0,231.0,231.0,208.0,64.0,64.0,,,,,
232,2022-03-02 16:00:00,641.0,0.0,273.925,0.0,42.0,33.56,78.2,58.7,67.0,102.0,8.0,12.0,12.0,232.0,232.0,232.0,232.0,232.0,209.0,65.0,65.0,,,,,
233,2022-03-02 17:00:00,621.0,0.0,309.888,0.0,40.9,33.0,78.2,58.7,67.0,102.0,8.0,12.0,12.0,233.0,233.0,233.0,233.0,233.0,210.0,66.0,66.0,,,,,
234,2022-03-02 18:00:00,664.0,0.0,311.685,0.0,40.9,33.06,78.2,58.7,67.0,102.0,8.0,12.0,12.0,234.0,234.0,234.0,234.0,234.0,211.0,67.0,67.0,,,,,
235,2022-03-02 19:00:00,647.0,0.0,315.474,0.0,40.9,32.32,77.4,58.7,67.0,102.0,8.0,12.0,12.0,235.0,235.0,235.0,235.0,235.0,212.0,68.0,68.0,,,,,
236,2022-03-02 20:00:00,642.0,0.0,318.082,0.0,39.7,29.81,75.4,58.7,67.0,102.0,8.0,12.0,12.0,236.0,236.0,236.0,236.0,236.0,213.0,69.0,69.0,,,,,
237,2022-03-02 21:00:00,626.0,0.0,321.158,0.0,39.7,28.09,75.0,58.7,67.0,102.0,8.0,12.0,12.0,237.0,237.0,237.0,237.0,237.0,214.0,70.0,70.0,,,,,
238,2022-03-02 22:00:00,637.0,0.0,290.444,0.0,40.3,28.34,75.4,58.7,67.0,102.0,8.0,12.0,12.0,238.0,238.0,238.0,238.0,238.0,215.0,71.0,71.0,,,,,
239,2022-03-02 23:00:00,321.0,0.0,8.338,0.0,41.7,30.25,77.0,58.7,67.0,102.0,8.0,12.0,12.0,239.0,239.0,239.0,239.0,239.0,216.0,72.0,72.0,,,,,
240,2022-03-03 00:00:00,75.0,0.0,0.0,0.0,42.0,32.13,79.0,58.7,67.0,102.0,8.0,12.0,12.0,240.0,240.0,240.0,240.0,240.0,217.0,73.0,73.0,,,,,
241,2022-03-03 01:00:00,0.0,0.0,0.0089999999999999,0.0,43.3,34.49,80.59999999999998,58.7,67.0,102.0,8.0,12.0,12.0,241.0,241.0,241.0,241.0,241.0,218.0,74.0,74.0,,,,,
242,2022-03-03 02:00:00,0.0,0.0,0.0,0.0,43.7,36.56,82.59999999999998,58.7,67.0,102.0,8.0,12.0,12.0,242.0,242.0,242.0,242.0,242.0,219.0,75.0,75.0,,,,,
243,2022-03-03 03:00:00,0.0,0.0,0.0,0.0,44.8,38.97,85.0,58.7,67.0,102.0,8.0,12.0,12.0,243.0,243.0,243.0,243.0,243.0,220.0,76.0,76.0,,,,,
244,2022-03-03 04:00:00,377.0,0.0,0.0,0.0,45.6,41.39,87.4,58.7,67.0,102.0,8.0,12.0,12.0,244.0,244.0,244.0,244.0,244.0,221.0,77.0,77.0,,,,,
245,2022-03-03 05:00:00,601.0,0.0,0.0,0.0,46.8,42.96,89.0,58.7,67.0,102.0,8.0,12.0,12.0,245.0,245.0,245.0,245.0,245.0,222.0,78.0,78.0,,,,,
246,2022-03-03 06:00:00,746.0,0.0,0.0,0.0,45.6,42.44,87.79999999999998,58.7,67.0,102.0,8.0,12.0,12.0,246.0,246.0,246.0,246.0,246.0,223.0,79.0,79.0,,,,,
247,2022-03-03 07:00:00,686.0,0.0,0.0,0.0,44.8,39.86,86.59999999999998,58.7,67.0,102.0,8.0,12.0,12.0,247.0,247.0,247.0,247.0,247.0,224.0,80.0,80.0,,,,,
248,2022-03-03 08:00:00,671.0,0.0,0.0,0.0,44.8,39.15,86.59999999999998,58.7,67.0,102.0,8.0,12.0,12.0,248.0,248.0,248.0,248.0,248.0,225.0,82.0,82.0,,,,,
249,2022-03-03 09:00:00,653.0,0.0,0.0,0.0,44.8,38.13,86.59999999999998,58.7,67.0,102.0,8.0,12.0,12.0,249.0,249.0,249.0,249.0,249.0,226.0,83.0,83.0,,,,,
250,2022-03-03 10:00:00,473.0,0.0,0.0,0.0,44.8,37.35,85.4,58.7,67.0,102.0,8.0,12.0,12.0,250.0,250.0,250.0,250.0,250.0,227.0,84.0,84.0,,,,,
251,2022-03-03 11:00:00,236.0,0.0,0.003,0.0,44.8,36.68,84.59999999999998,58.7,67.0,102.0,8.0,12.0,12.0,251.0,251.0,251.0,251.0,251.0,228.0,85.0,85.0,,,,,
252,2022-03-03 12:00:00,0.0,0.0,0.0,0.0,44.8,35.89,83.4,58.7,67.0,102.0,8.0,12.0,12.0,252.0,252.0,252.0,252.0,252.0,229.0,86.0,86.0,,,,,
253,2022-03-03 13:00:00,272.0,0.0,0.0,0.0,43.7,34.36,80.59999999999998,58.7,67.0,102.0,8.0,12.0,12.0,253.0,253.0,253.0,253.0,253.0,230.0,87.0,87.0,,,,,
254,2022-03-03 14:00:00,401.0,0.0,0.0,0.0,43.7,32.44,78.2,58.7,67.0,102.0,8.0,12.0,12.0,254.0,254.0,254.0,254.0,254.0,231.0,88.0,88.0,,,,,
255,2022-03-03 15:00:00,606.0,0.0,0.0,0.0,43.7,30.56,75.79999999999998,58.7,67.0,102.0,8.0,12.0,12.0,255.0,255.0,255.0,255.0,255.0,232.0,89.0,89.0,,,,,
256,2022-03-03 16:00:00,791.0,0.0,0.006,0.0,43.7,28.47,73.4,58.7,67.0,102.0,8.0,12.0,12.0,256.0,256.0,256.0,256.0,256.0,233.0,90.0,90.0,,,,,
257,2022-03-03 17:00:00,795.0,0.0,0.0,0.0,43.3,26.67,72.2,58.7,67.0,102.0,8.0,12.0,12.0,257.0,257.0,257.0,257.0,257.0,234.0,91.0,91.0,,,,,
258,2022-03-03 18:00:00,792.0,0.0,0.0,0.0,42.0,25.51,70.6,58.7,67.0,102.0,8.0,12.0,12.0,258.0,258.0,258.0,258.0,258.0,235.0,92.0,92.0,,,,,
259,2022-03-03 19:00:00,768.0,0.0,0.0,0.0,40.9,23.41,69.0,58.7,67.0,102.0,8.0,12.0,12.0,259.0,259.0,259.0,259.0,259.0,236.0,93.0,93.0,,,,,
260,2022-03-03 20:00:00,780.0,0.0,0.0,0.0,40.3,21.22,66.5,58.7,67.0,102.0,8.0,12.0,12.0,260.0,260.0,260.0,260.0,260.0,237.0,94.0,94.0,,,,,
261,2022-03-03 21:00:00,777.0,0.0,0.003,0.0,38.9,20.02,64.2,58.7,67.0,102.0,8.0,12.0,12.0,261.0,261.0,261.0,261.0,261.0,238.0,95.0,95.0,,,,,
262,2022-03-03 22:00:00,775.0,0.0,0.0,0.0,38.9,20.02,65.1,58.7,67.0,102.0,8.0,12.0,12.0,262.0,262.0,262.0,262.0,262.0,239.0,96.0,96.0,,,,,
263,2022-03-03 23:00:00,325.0,0.0,0.0,0.0,38.9,22.02,66.5,58.7,67.0,102.0,8.0,12.0,12.0,263.0,263.0,263.0,263.0,263.0,240.0,97.0,97.0,,,,,
264,2022-03-04 00:00:00,0.0,0.0,0.0,0.0,38.9,24.46,68.6,58.7,67.0,102.0,8.0,12.0,12.0,264.0,264.0,264.0,264.0,264.0,241.0,98.0,98.0,,,,,
265,2022-03-04 01:00:00,0.0,0.0,0.0,0.0,38.9,27.19,70.6,58.7,67.0,102.0,8.0,12.0,12.0,265.0,265.0,265.0,265.0,265.0,242.0,99.0,99.0,,,,,
266,2022-03-04 02:00:00,0.0,0.0,0.0,0.0,39.7,29.74,72.59999999999998,58.7,67.0,102.0,8.0,12.0,12.0,266.0,266.0,266.0,266.0,266.0,243.0,100.0,100.0,,,,,
267,2022-03-04 03:00:00,0.0,0.0,0.0,0.0,40.9,31.82,74.59999999999998,58.7,67.0,102.0,8.0,12.0,12.0,267.0,267.0,267.0,267.0,267.0,244.0,101.0,101.0,,,,,
268,2022-03-04 04:00:00,300.0,0.0,0.0,0.0,40.9,34.24,76.2,58.7,67.0,102.0,8.0,12.0,12.0,268.0,268.0,268.0,268.0,268.0,245.0,103.0,103.0,,,,,
269,2022-03-04 05:00:00,630.0,0.0,0.0,0.0,40.9,35.65,77.4,58.7,67.0,102.0,8.0,12.0,12.0,269.0,269.0,269.0,269.0,269.0,246.0,104.0,104.0,,,,,
270,2022-03-04 06:00:00,670.0,0.0,0.0,0.0,40.9,35.16,77.0,58.7,67.0,102.0,8.0,12.0,12.0,270.0,270.0,270.0,270.0,270.0,247.0,105.0,105.0,,,,,
271,2022-03-04 07:00:00,665.0,0.0,0.0,0.0,40.9,32.82,74.59999999999998,58.7,67.0,102.0,8.0,12.0,12.0,271.0,271.0,271.0,271.0,271.0,248.0,106.0,106.0,,,,,
272,2022-03-04 08:00:00,686.0,0.0,0.0,0.0,40.9,31.19,74.2,58.7,67.0,102.0,8.0,12.0,12.0,272.0,272.0,272.0,272.0,272.0,249.0,107.0,107.0,,,,,
273,2022-03-04 09:00:00,662.0,0.0,0.0,0.0,40.9,29.62,72.59999999999998,58.7,67.0,102.0,8.0,12.0,12.0,273.0,273.0,273.0,273.0,273.0,250.0,108.0,108.0,,,,,
274,2022-03-04 10:00:00,671.0,0.0,0.0,0.0,40.9,28.41,71.0,58.7,67.0,102.0,8.0,12.0,12.0,274.0,274.0,274.0,274.0,274.0,251.0,109.0,109.0,,,,,
275,2022-03-04 11:00:00,649.0,0.0,0.0,0.0,40.9,28.22,69.8,58.7,67.0,102.0,8.0,12.0,12.0,275.0,275.0,275.0,275.0,275.0,252.0,110.0,110.0,,,,,
276,2022-03-04 12:00:00,557.0,0.0,0.0,0.0,40.9,28.22,68.6,58.7,67.0,102.0,8.0,12.0,12.0,276.0,276.0,276.0,276.0,276.0,253.0,111.0,111.0,,,,,
277,2022-03-04 13:00:00,179.0,0.0,0.0,0.0,40.9,28.22,68.2,58.7,67.0,102.0,8.0,12.0,12.0,277.0,277.0,277.0,277.0,277.0,254.0,112.0,112.0,,,,,
278,2022-03-04 14:00:00,130.0,0.0,0.0,0.0,40.9,28.22,68.2,58.7,67.0,102.0,8.0,12.0,12.0,278.0,278.0,278.0,278.0,278.0,255.0,113.0,113.0,,,,,
279,2022-03-04 15:00:00,131.0,0.0,0.0,0.0,40.3,27.96,67.4,58.7,67.0,102.0,8.0,12.0,12.0,279.0,279.0,279.0,279.0,279.0,256.0,114.0,114.0,,,,,
280,2022-03-04 16:00:00,130.0,0.0,0.0,0.0,38.9,27.96,66.5,58.7,67.0,102.0,8.0,12.0,12.0,280.0,280.0,280.0,280.0,280.0,257.0,115.0,115.0,,,,,
281,2022-03-04 17:00:00,129.0,0.0,0.0,0.0,38.5,27.51,65.6,58.7,67.0,102.0,8.0,12.0,12.0,281.0,281.0,281.0,281.0,281.0,258.0,116.0,116.0,,,,,
282,2022-03-04 18:00:00,137.0,0.0,0.0,0.0,37.7,27.25,63.7,58.7,67.0,102.0,8.0,12.0,12.0,282.0,282.0,282.0,282.0,282.0,259.0,117.0,117.0,,,,,
283,2022-03-04 19:00:00,132.0,0.0,0.0,0.0,36.1,25.77,61.9,58.7,67.0,102.0,8.0,12.0,12.0,283.0,283.0,283.0,283.0,283.0,260.0,118.0,118.0,,,,,
284,2022-03-04 20:00:00,87.0,0.0,0.0,0.0,34.9,23.15,58.5,58.7,67.0,102.0,8.0,12.0,12.0,284.0,284.0,284.0,284.0,284.0,261.0,119.0,119.0,,,,,
285,2022-03-04 21:00:00,0.0,0.0,0.0,0.0,34.1,22.09,56.5,58.7,67.0,102.0,8.0,12.0,12.0,285.0,285.0,285.0,285.0,285.0,262.0,120.0,120.0,,,,,
286,2022-03-04 22:00:00,0.0,0.0,0.0,0.0,34.9,22.16,57.0,58.7,67.0,102.0,8.0,12.0,12.0,286.0,286.0,286.0,286.0,286.0,263.0,121.0,121.0,,,,,
287,2022-03-04 23:00:00,0.0,0.0,0.0,0.0,35.5,22.82,58.5,58.7,67.0,102.0,8.0,12.0,12.0,287.0,287.0,287.0,287.0,287.0,264.0,122.0,122.0,,,,,
288,2022-03-05 00:00:00,0.0,0.0,0.0,0.0,36.1,24.46,60.4,58.7,67.0,102.0,8.0,12.0,12.0,288.0,288.0,288.0,288.0,288.0,265.0,123.0,123.0,,,,,
289,2022-03-05 01:00:00,0.0,0.0,0.0,0.0,37.7,26.09,62.8,58.7,67.0,102.0,8.0,12.0,12.0,289.0,289.0,289.0,289.0,289.0,266.0,124.0,124.0,,,,,
290,2022-03-05 02:00:00,0.0,0.0,0.0,0.0,38.1,28.28,65.1,58.7,67.0,102.0,8.0,12.0,12.0,290.0,290.0,290.0,290.0,290.0,267.0,125.0,125.0,,,,,
291,2022-03-05 03:00:00,0.0,0.0,0.0,0.0,38.9,30.75,67.0,58.7,67.0,102.0,8.0,12.0,12.0,291.0,291.0,291.0,291.0,291.0,268.0,126.0,126.0,,,,,
292,2022-03-05 04:00:00,0.0,0.0,0.0,0.0,40.3,33.06,69.0,58.7,67.0,102.0,8.0,12.0,12.0,292.0,292.0,292.0,292.0,292.0,269.0,127.0,127.0,,,,,
293,2022-03-05 05:00:00,0.0,0.0,0.0,0.0,40.9,35.53,71.0,58.7,67.0,102.0,8.0,12.0,12.0,293.0,293.0,293.0,293.0,293.0,270.0,128.0,128.0,,,,,
294,2022-03-05 06:00:00,0.0,0.0,0.0,0.0,42.0,37.89,73.0,58.7,67.0,102.0,8.0,12.0,12.0,294.0,294.0,294.0,294.0,294.0,271.0,129.0,129.0,,,,,
295,2022-03-05 07:00:00,0.0,0.0,0.0,0.0,42.0,39.74,75.0,58.7,67.0,102.0,8.0,12.0,12.0,295.0,295.0,295.0,295.0,295.0,272.0,130.0,130.0,,,,,
296,2022-03-05 08:00:00,0.0,0.0,0.0,0.0,42.0,39.38,75.0,58.7,67.0,102.0,8.0,12.0,12.0,296.0,296.0,296.0,296.0,296.0,273.0,131.0,131.0,,,,,
297,2022-03-05 09:00:00,0.0,0.0,0.0,0.0,42.0,38.01,74.59999999999998,58.7,67.0,102.0,8.0,12.0,12.0,297.0,297.0,297.0,297.0,297.0,274.0,132.0,132.0,,,,,
298,2022-03-05 10:00:00,0.0,0.0,0.0,0.0,42.0,36.44,73.4,58.7,67.0,102.0,8.0,12.0,12.0,298.0,298.0,298.0,298.0,298.0,275.0,133.0,133.0,,,,,
299,2022-03-05 11:00:00,0.0,0.0,0.0,0.0,42.0,35.53,73.0,58.7,67.0,102.0,8.0,12.0,12.0,299.0,299.0,299.0,299.0,299.0,276.0,134.0,134.0,,,,,
300,2022-03-05 12:00:00,0.0,0.0,0.0,0.0,42.0,34.67,72.2,58.7,67.0,102.0,8.0,12.0,12.0,300.0,300.0,300.0,300.0,300.0,277.0,135.0,135.0,,,,,
301,2022-03-05 13:00:00,0.0,0.0,0.0,0.0,42.0,33.5,71.4,58.7,67.0,102.0,8.0,12.0,12.0,301.0,301.0,301.0,301.0,301.0,278.0,136.0,136.0,,,,,
302,2022-03-05 14:00:00,0.0,0.0,0.0,0.0,42.0,32.01,71.0,58.7,67.0,102.0,8.0,12.0,12.0,302.0,302.0,302.0,302.0,302.0,279.0,137.0,137.0,,,,,
303,2022-03-05 15:00:00,0.0,0.0,0.0,0.0,42.0,31.13,71.0,58.7,67.0,102.0,8.0,12.0,12.0,303.0,303.0,303.0,303.0,303.0,280.0,138.0,138.0,,,,,
304,2022-03-05 16:00:00,0.0,0.0,0.0,0.0,42.0,31.0,71.0,58.7,67.0,102.0,8.0,12.0,12.0,304.0,304.0,304.0,304.0,304.0,281.0,139.0,139.0,,,,,
305,2022-03-05 17:00:00,12.0,0.0,0.0,0.0,42.0,29.93,71.0,58.7,67.0,102.0,8.0,12.0,12.0,305.0,305.0,305.0,305.0,305.0,282.0,140.0,140.0,,,,,
306,2022-03-05 18:00:00,535.0,0.0,0.0,0.0,42.0,28.41,71.0,58.7,67.0,102.0,8.0,12.0,12.0,306.0,306.0,306.0,306.0,306.0,283.0,141.0,141.0,,,,,
307,2022-03-05 19:00:00,654.0,0.0,0.0,0.0,42.0,26.61,69.8,58.7,67.0,102.0,8.0,12.0,12.0,307.0,307.0,307.0,307.0,307.0,284.0,142.0,142.0,,,,,
308,2022-03-05 20:00:00,649.0,0.0,0.0,0.0,40.9,25.12,68.2,58.7,67.0,102.0,8.0,12.0,12.0,308.0,308.0,308.0,308.0,308.0,285.0,143.0,143.0,,,,,
309,2022-03-05 21:00:00,685.0,0.0,0.0,0.0,41.7,24.99,70.2,58.7,67.0,102.0,8.0,12.0,12.0,309.0,309.0,309.0,309.0,309.0,286.0,144.0,144.0,,,,,
310,2022-03-05 22:00:00,511.0,0.0,0.0,0.0,41.7,26.48,69.4,58.7,67.0,102.0,8.0,12.0,12.0,310.0,310.0,310.0,310.0,310.0,287.0,145.0,145.0,,,,,
311,2022-03-05 23:00:00,91.0,0.0,0.0,0.0,40.9,28.79,71.8,58.7,67.0,102.0,8.0,12.0,12.0,311.0,311.0,311.0,311.0,311.0,288.0,146.0,146.0,,,,,
312,2022-03-06 00:00:00,0.0,0.0,0.0,0.0,42.0,31.32,73.79999999999998,58.7,67.0,102.0,8.0,12.0,12.0,312.0,312.0,312.0,312.0,312.0,289.0,147.0,147.0,,,,,
313,2022-03-06 01:00:00,0.0,0.0,0.0,0.0,42.5,33.75,75.79999999999998,58.7,67.0,102.0,8.0,12.0,12.0,313.0,313.0,313.0,313.0,313.0,290.0,148.0,148.0,,,,,
314,2022-03-06 02:00:00,0.0,0.0,0.0,0.0,43.7,36.14,77.79999999999998,58.7,67.0,102.0,8.0,12.0,12.0,314.0,314.0,314.0,314.0,314.0,291.0,149.0,149.0,,,,,
315,2022-03-06 03:00:00,0.0,0.0,0.0,0.0,44.0,38.61,80.2,58.7,67.0,102.0,8.0,12.0,12.0,315.0,315.0,315.0,315.0,315.0,292.0,150.0,150.0,,,,,
316,2022-03-06 04:00:00,0.0,0.0,0.0,0.0,45.6,41.04,82.2,58.7,67.0,102.0,8.0,12.0,12.0,316.0,316.0,316.0,316.0,316.0,293.0,151.0,151.0,,,,,
317,2022-03-06 05:00:00,0.0,0.0,0.0,0.0,46.0,43.36,84.59999999999998,58.7,67.0,102.0,8.0,12.0,12.0,317.0,317.0,317.0,317.0,317.0,294.0,152.0,152.0,,,,,
318,2022-03-06 06:00:00,0.0,0.0,0.0,0.0,47.2,45.25,87.0,58.7,67.0,102.0,8.0,12.0,12.0,318.0,318.0,318.0,318.0,318.0,295.0,154.0,154.0,,,,,
319,2022-03-06 07:00:00,116.0,0.0,0.0,0.0,47.2,45.47,88.2,58.7,67.0,102.0,8.0,12.0,12.0,319.0,319.0,319.0,319.0,319.0,296.0,155.0,155.0,,,,,
320,2022-03-06 08:00:00,534.0,0.0,0.0,0.0,46.0,43.07,87.0,58.7,67.0,102.0,8.0,12.0,12.0,320.0,320.0,320.0,320.0,320.0,297.0,156.0,156.0,,,,,
321,2022-03-06 09:00:00,1065.0,0.0,0.0,0.0,44.8,40.27,85.79999999999998,58.7,67.0,102.0,8.0,12.0,12.0,321.0,321.0,321.0,321.0,321.0,298.0,157.0,157.0,,,,,
322,2022-03-06 10:00:00,1291.0,0.0,0.0,0.0,44.0,37.89,85.4,58.7,67.0,102.0,8.0,12.0,12.0,322.0,322.0,322.0,322.0,322.0,299.0,158.0,158.0,,,,,
323,2022-03-06 11:00:00,1408.0,0.0,0.0,0.0,44.0,35.28,85.0,58.7,67.0,102.0,8.0,12.0,12.0,323.0,323.0,323.0,323.0,323.0,300.0,159.0,159.0,,,,,
324,2022-03-06 12:00:00,1657.0,0.0,0.0,0.0,44.0,33.19,85.0,58.7,67.0,102.0,8.0,12.0,12.0,324.0,324.0,324.0,324.0,324.0,301.0,160.0,160.0,,,,,
325,2022-03-06 13:00:00,1668.0,0.0,0.0,0.0,44.0,31.94,85.0,58.7,67.0,102.0,8.0,12.0,12.0,325.0,325.0,325.0,325.0,325.0,302.0,161.0,161.0,,,,,
326,2022-03-06 14:00:00,1656.0,0.0,0.0,0.0,44.0,31.88,85.0,58.7,67.0,102.0,8.0,12.0,12.0,326.0,326.0,326.0,326.0,326.0,303.0,162.0,162.0,,,,,
327,2022-03-06 15:00:00,1624.0,0.0,0.0,0.0,44.8,31.88,85.0,58.7,67.0,102.0,8.0,12.0,12.0,327.0,327.0,327.0,327.0,327.0,304.0,163.0,163.0,,,,,
328,2022-03-06 16:00:00,1693.0,0.0,28.918,0.0,45.6,31.88,85.4,58.7,67.0,102.0,8.0,12.0,12.0,328.0,328.0,328.0,328.0,328.0,305.0,164.0,164.0,,,,,
329,2022-03-06 17:00:00,1645.0,0.0,570.15,0.0,46.0,31.88,85.0,58.7,67.0,102.0,8.0,12.0,12.0,329.0,329.0,329.0,329.0,329.0,306.0,165.0,165.0,,,,,
330,2022-03-06 18:00:00,1660.0,0.0,609.598,0.0,46.8,31.88,85.0,58.7,67.0,102.0,8.0,12.0,12.0,330.0,330.0,330.0,330.0,330.0,307.0,166.0,166.0,,,,,
331,2022-03-06 19:00:00,1739.0,0.0,615.658,0.0,47.2,31.07,85.0,58.7,67.0,102.0,8.0,12.0,12.0,331.0,331.0,331.0,331.0,331.0,308.0,167.0,167.0,,,,,
332,2022-03-06 20:00:00,1702.0,0.0,619.266,0.0,48.0,29.68,83.0,58.7,67.0,102.0,8.0,12.0,12.0,332.0,332.0,332.0,332.0,332.0,309.0,168.0,168.0,,,,,
333,2022-03-06 21:00:00,1572.0,0.0,497.756,0.0,48.8,29.93,83.0,58.7,67.0,102.0,8.0,12.0,12.0,333.0,333.0,333.0,333.0,333.0,310.0,169.0,169.0,,,,,
334,2022-03-06 22:00:00,1198.0,0.0,3.634,0.0,50.0,32.13,85.0,58.7,67.0,102.0,8.0,12.0,12.0,334.0,334.0,334.0,334.0,334.0,311.0,170.0,170.0,,,,,
335,2022-03-06 23:00:00,179.0,0.0,0.0,0.0,50.8,34.61,87.4,58.7,67.0,102.0,8.0,12.0,12.0,335.0,335.0,335.0,335.0,335.0,312.0,171.0,171.0,,,,,
0,2022-03-07 00:00:00,0.0,0.0,0.0,0.0,52.0,36.99,89.7,58.7,67.0,102.0,8.0,12.0,12.0,,,,,,,,,,,,,
1,2022-03-07 01:00:00,0.0,0.0,0.0,0.0,52.8,39.32,91.8,58.7,67.0,102.0,8.0,12.0,12.0,,,,,,,,,,,,,
2,2022-03-07 02:00:00,0.0,0.0,0.0,0.0,53.6,41.74,93.6,58.7,67.0,102.0,8.0,12.0,12.0,,,,,,,,,,,,,
3,2022-03-07 03:00:00,0.0,0.0,0.0,0.0,54.4,44.17,95.7,58.7,67.0,102.0,8.0,12.0,12.0,,,,,,,,,,,,,
4,2022-03-07 04:00:00,0.0,0.0,0.0,0.0,55.2,46.54,97.8,58.7,67.0,102.0,8.0,12.0,12.0,,,,,,,,,,,,,
5,2022-03-07 05:00:00,108.0,0.0,0.0,0.0,55.9,48.8,101.7,58.7,67.0,102.0,8.0,12.0,12.0,,,,,,,,,,,,,
6,2022-03-07 06:00:00,522.0,0.0,0.0,0.0,55.9,48.47,98.1,58.7,67.0,102.0,8.0,12.0,12.0,,,,,,,,,,,,,
7,2022-03-07 07:00:00,474.0,0.0,0.0,0.0,55.5,47.48,96.3,58.7,67.0,102.0,8.0,12.0,12.0,,,,,,,,,,,,,
8,2022-03-07 08:00:00,641.0,0.0,0.0,0.0,55.2,46.71,95.1,58.7,67.0,102.0,8.0,12.0,12.0,,,,,,,,,,,,,
9,2022-03-07 09:00:00,1290.0,0.0,0.0,0.0,53.6,44.56,93.6,58.7,67.0,102.0,8.0,12.0,12.0,,,,,,,,,,,,,
11,2022-03-07 10:00:00,1344.0,0.0,0.0,0.0,52.8,43.59,91.2,58.7,67.0,102.0,8.0,12.0,12.0,,,,,,,,,,,,,
12,2022-03-07 11:00:00,1331.0,0.0,0.0,0.0,51.2,42.73,90.0,58.7,67.0,102.0,8.0,12.0,12.0,,,,,,,,,,,,,
13,2022-03-07 12:00:00,1343.0,0.0,0.0,0.0,50.8,41.68,89.4,58.7,67.0,102.0,8.0,12.0,12.0,,,,,,,,,,,,,
14,2022-03-07 13:00:00,1559.0,0.0,0.0,0.0,49.6,40.09,88.59999999999998,58.7,67.0,102.0,8.0,12.0,12.0,,,,,,,,,,,,,
15,2022-03-07 14:00:00,1771.0,0.0,2.879,0.0,48.8,37.59,86.59999999999998,58.7,67.0,102.0,8.0,12.0,12.0,,,,,,,,,,,,,
16,2022-03-07 15:00:00,1880.0,0.0,357.25,0.0,47.6,35.28,84.59999999999998,58.7,67.0,102.0,8.0,12.0,12.0,,,,,,,,,,,,,
17,2022-03-07 16:00:00,1883.0,149.0,890.9049999999999,0.0,46.8,32.69,81.79999999999998,58.7,67.0,102.0,8.0,12.0,12.0,,,,,,,,,,,,,
18,2022-03-07 17:00:00,1905.0,297.0,907.874,0.0,45.6,30.19,79.0,58.7,67.0,102.0,8.0,12.0,12.0,,,,,,,,,,,,,
19,2022-03-07 18:00:00,1920.0,299.0,919.718,0.0,44.0,28.73,77.0,58.7,67.0,102.0,8.0,12.0,12.0,,,,,,,,,,,,,
20,2022-03-07 19:00:00,1908.0,295.0,927.228,0.0,43.7,27.0,73.79999999999998,58.7,67.0,102.0,8.0,12.0,12.0,,,,,,,,,,,,,
21,2022-03-07 20:00:00,1929.0,211.0,930.823,0.0,42.5,24.66,71.0,58.7,67.0,102.0,8.0,12.0,12.0,,,,,,,,,,,,,
22,2022-03-07 21:00:00,1796.0,0.0,934.128,1816.295,42.0,23.02,70.2,58.7,67.0,102.0,8.0,12.0,12.0,,,,,,,,,,,,,
23,2022-03-07 22:00:00,1828.0,0.0,823.2809999999998,1866.668,42.5,23.35,71.4,58.7,67.0,102.0,8.0,12.0,12.0,,,,,,,,,,,,,
24,2022-03-07 23:00:00,1572.0,0.0,85.296,1947.812,43.7,25.9,73.0,58.7,67.0,102.0,8.0,12.0,12.0,,,,,,,,,,,,,
49,2022-03-08 00:00:00,1347.0,0.0,0.0,1647.354,44.0,28.28,75.0,58.7,67.0,102.0,8.0,12.0,12.0,,,,,,,,,,,,,
50,2022-03-08 01:00:00,876.0,0.0,0.0,1676.203,45.6,30.69,77.0,58.7,67.0,102.0,8.0,12.0,12.0,,,,,,,,,,,,,
51,2022-03-08 02:00:00,688.0,0.0,0.0,1568.783,46.0,33.06,79.0,58.7,67.0,102.0,8.0,12.0,12.0,,,,,,,,,,,,,
52,2022-03-08 03:00:00,697.0,0.0,0.0,1523.978,47.2,35.59,81.4,58.7,67.0,102.0,8.0,12.0,12.0,,,,,,,,,,,,,
53,2022-03-08 04:00:00,1218.0,0.0,0.0,1582.468,47.6,38.01,83.79999999999998,58.7,67.0,102.0,8.0,12.0,12.0,,,,,,,,,,,,,
54,2022-03-08 05:00:00,1212.0,0.0,0.0,1834.517,48.0,39.26,85.79999999999998,58.7,67.0,102.0,8.0,12.0,12.0,,,,,,,,,,,,,
55,2022-03-08 06:00:00,1460.0,0.0,0.0,1512.455,47.6,38.19,85.4,58.7,67.0,102.0,8.0,12.0,12.0,,,,,,,,,,,,,
56,2022-03-08 07:00:00,1448.0,0.0,0.0,1340.606,46.8,36.08,83.0,58.7,67.0,102.0,8.0,12.0,12.0,,,,,,,,,,,,,
57,2022-03-08 08:00:00,1453.0,0.0,0.0,1493.675,46.0,35.4,82.2,58.7,67.0,102.0,8.0,12.0,12.0,,,,,,,,,,,,,
58,2022-03-08 09:00:00,1419.0,0.0,0.0,1567.952,44.8,34.67,81.0,58.7,67.0,102.0,8.0,12.0,12.0,,,,,,,,,,,,,
59,2022-03-08 10:00:00,1354.0,0.0,0.0,1347.016,44.0,33.81,79.79999999999998,58.7,67.0,102.0,8.0,12.0,12.0,,,,,,,,,,,,,
60,2022-03-08 11:00:00,1338.0,0.0,0.0,1275.819,43.7,32.26,79.4,58.7,67.0,102.0,8.0,12.0,12.0,,,,,,,,,,,,,
61,2022-03-08 12:00:00,1330.0,0.0,0.0,1142.704,43.3,31.25,77.79999999999998,58.7,67.0,102.0,8.0,12.0,12.0,,,,,,,,,,,,,
62,2022-03-08 13:00:00,1443.0,0.0,0.157,1238.1,42.0,30.5,76.59999999999998,58.7,67.0,102.0,8.0,12.0,12.0,,,,,,,,,,,,,
63,2022-03-08 14:00:00,1431.0,0.0,0.0,1267.859,40.9,29.36,75.4,58.7,67.0,102.0,8.0,12.0,12.0,,,,,,,,,,,,,
64,2022-03-08 15:00:00,1425.0,0.0,145.418,1214.012,40.3,27.7,73.79999999999998,58.7,67.0,102.0,8.0,12.0,12.0,,,,,,,,,,,,,
65,2022-03-08 16:00:00,1415.0,0.0,600.119,1040.817,38.9,26.03,71.8,58.7,67.0,102.0,8.0,12.0,12.0,,,,,,,,,,,,,
66,2022-03-08 17:00:00,1452.0,0.0,734.419,826.552,38.1,24.33,70.2,58.7,67.0,102.0,8.0,12.0,12.0,,,,,,,,,,,,,
67,2022-03-08 18:00:00,1559.0,0.0,936.336,692.772,36.9,22.62,68.6,58.7,67.0,102.0,8.0,12.0,12.0,,,,,,,,,,,,,
68,2022-03-08 19:00:00,1813.0,0.0,943.8660000000002,1625.634,36.1,21.29,66.5,58.7,67.0,102.0,8.0,12.0,12.0,,,,,,,,,,,,,
69,2022-03-08 20:00:00,1828.0,0.0,946.067,1902.052,35.5,19.81,65.6,58.7,67.0,102.0,8.0,12.0,12.0,,,,,,,,,,,,,
70,2022-03-08 21:00:00,1584.0,0.0,542.279,1888.264,36.1,20.76,67.0,58.7,67.0,102.0,8.0,12.0,12.0,,,,,,,,,,,,,
71,2022-03-08 22:00:00,1185.0,0.0,0.0,1683.876,36.9,23.35,68.2,58.7,67.0,102.0,8.0,12.0,12.0,,,,,,,,,,,,,
72,2022-03-08 23:00:00,617.0,0.0,0.0,1505.535,38.1,25.64,70.2,58.7,67.0,102.0,8.0,12.0,12.0,,,,,,,,,,,,,
97,2022-03-09 00:00:00,62.0,0.0,0.0,1812.317,38.9,28.09,72.2,58.7,67.0,102.0,8.0,12.0,12.0,,,,,,,,,,,,,
98,2022-03-09 01:00:00,0.0,0.0,0.0,1840.435,39.7,30.63,74.2,58.7,67.0,102.0,8.0,12.0,12.0,,,,,,,,,,,,,
99,2022-03-09 02:00:00,0.0,0.0,0.0,1642.594,40.9,33.13,75.79999999999998,58.7,67.0,102.0,8.0,12.0,12.0,,,,,,,,,,,,,
100,2022-03-09 03:00:00,487.0,0.0,0.0,1641.306,42.0,35.4,77.79999999999998,58.7,67.0,102.0,8.0,12.0,12.0,,,,,,,,,,,,,
101,2022-03-09 04:00:00,666.0,0.0,0.0,1759.799,42.5,37.77,79.4,58.7,67.0,102.0,8.0,12.0,12.0,,,,,,,,,,,,,
102,2022-03-09 05:00:00,658.0,0.0,0.0,1894.863,43.7,38.97,79.79999999999998,58.7,67.0,102.0,8.0,12.0,12.0,,,,,,,,,,,,,
103,2022-03-09 06:00:00,1019.0,0.0,0.0,1420.941,43.3,37.29,78.2,58.7,67.0,102.0,8.0,12.0,12.0,,,,,,,,,,,,,
104,2022-03-09 07:00:00,979.0,0.0,0.0,1036.457,42.5,35.53,75.4,58.7,67.0,102.0,8.0,12.0,12.0,,,,,,,,,,,,,
105,2022-03-09 08:00:00,641.0,0.0,0.0,918.851,41.7,34.55,74.59999999999998,58.7,67.0,102.0,8.0,12.0,12.0,,,,,,,,,,,,,
106,2022-03-09 09:00:00,47.0,0.0,0.0,2213.776,40.3,33.0,73.79999999999998,58.7,67.0,102.0,8.0,12.0,12.0,,,,,,,,,,,,,
107,2022-03-09 10:00:00,0.0,0.0,0.0,2589.865,40.3,32.75,73.4,58.7,67.0,102.0,8.0,12.0,12.0,,,,,,,,,,,,,
108,2022-03-09 11:00:00,0.0,0.0,0.0,2636.168,39.7,32.82,73.4,58.7,67.0,102.0,8.0,12.0,12.0,,,,,,,,,,,,,
109,2022-03-09 12:00:00,0.0,0.0,0.0,2397.512,39.7,32.82,73.0,58.7,67.0,102.0,8.0,12.0,12.0,,,,,,,,,,,,,
110,2022-03-09 13:00:00,0.0,0.0,0.0,2093.409,39.7,32.82,72.59999999999998,58.7,67.0,102.0,8.0,12.0,12.0,,,,,,,,,,,,,
111,2022-03-09 14:00:00,0.0,0.0,0.0,2372.541,39.7,32.82,72.59999999999998,58.7,67.0,102.0,8.0,12.0,12.0,,,,,,,,,,,,,
112,2022-03-09 15:00:00,0.0,0.0,0.0,2085.576,40.3,32.75,72.59999999999998,58.7,67.0,102.0,8.0,12.0,12.0,,,,,,,,,,,,,
113,2022-03-09 16:00:00,0.0,0.0,0.0,2622.939,38.9,32.5,72.2,58.7,67.0,102.0,8.0,12.0,12.0,,,,,,,,,,,,,
114,2022-03-09 17:00:00,0.0,0.0,0.0,2426.008,38.5,32.57,71.8,58.7,67.0,102.0,8.0,12.0,12.0,,,,,,,,,,,,,
115,2022-03-09 18:00:00,0.0,0.0,0.0,2168.96,37.7,31.94,70.6,58.7,67.0,102.0,8.0,12.0,12.0,,,,,,,,,,,,,
116,2022-03-09 19:00:00,0.0,0.0,0.0,3101.596,36.1,30.44,69.0,58.7,67.0,102.0,8.0,12.0,12.0,,,,,,,,,,,,,
117,2022-03-09 20:00:00,0.0,0.0,0.0,3417.269,35.7,27.9,67.0,58.7,67.0,102.0,8.0,12.0,12.0,,,,,,,,,,,,,
118,2022-03-09 21:00:00,0.0,0.0,0.0,2957.647,35.5,26.67,66.5,58.7,67.0,102.0,8.0,12.0,12.0,,,,,,,,,,,,,
119,2022-03-09 22:00:00,0.0,0.0,0.0,2746.476,35.5,27.51,67.4,58.7,67.0,102.0,8.0,12.0,12.0,,,,,,,,,,,,,
120,2022-03-09 23:00:00,0.0,0.0,0.0,2683.079,36.1,29.24,69.0,58.7,67.0,102.0,8.0,12.0,12.0,,,,,,,,,,,,,
145,2022-03-10 00:00:00,0.0,0.0,0.0,3418.6,36.9,31.69,71.0,58.7,67.0,102.0,8.0,12.0,12.0,,,,,,,,,,,,,
146,2022-03-10 01:00:00,0.0,0.0,0.0,3454.972,38.1,33.5,73.0,58.7,67.0,102.0,8.0,12.0,12.0,,,,,,,,,,,,,
147,2022-03-10 02:00:00,0.0,0.0,0.0,3147.706,38.5,35.95,75.0,58.7,67.0,102.0,8.0,12.0,12.0,,,,,,,,,,,,,
148,2022-03-10 03:00:00,0.0,0.0,0.0,3047.911,39.7,38.31,76.59999999999998,58.7,67.0,102.0,8.0,12.0,12.0,,,,,,,,,,,,,
149,2022-03-10 04:00:00,0.0,0.0,0.0,3037.821,40.9,40.68,79.0,58.7,67.0,102.0,8.0,12.0,12.0,,,,,,,,,,,,,
150,2022-03-10 05:00:00,0.0,0.0,0.0,3392.908,41.7,41.97,81.0,58.7,67.0,102.0,8.0,12.0,12.0,,,,,,,,,,,,,
151,2022-03-10 06:00:00,0.0,0.0,0.0,2830.144,42.0,41.8,81.4,58.7,67.0,102.0,8.0,12.0,12.0,,,,,,,,,,,,,
152,2022-03-10 07:00:00,0.0,0.0,0.0,2573.08,40.9,39.5,80.2,58.7,67.0,102.0,8.0,12.0,12.0,,,,,,,,,,,,,
153,2022-03-10 08:00:00,0.0,0.0,0.0,3125.182,40.9,39.32,79.79999999999998,58.7,67.0,102.0,8.0,12.0,12.0,,,,,,,,,,,,,
154,2022-03-10 09:00:00,0.0,0.0,0.0,3387.15,41.7,39.21,79.79999999999998,58.7,67.0,102.0,8.0,12.0,12.0,,,,,,,,,,,,,
155,2022-03-10 10:00:00,0.0,0.0,0.0,3446.745,41.7,39.38,80.59999999999998,58.7,67.0,102.0,8.0,12.0,12.0,,,,,,,,,,,,,
156,2022-03-10 11:00:00,0.0,0.0,0.0,3573.161,41.7,39.68,81.4,58.7,67.0,102.0,8.0,12.0,12.0,,,,,,,,,,,,,
157,2022-03-10 12:00:00,0.0,0.0,0.0,3322.008,41.7,40.74,82.2,58.7,67.0,102.0,8.0,12.0,12.0,,,,,,,,,,,,,
158,2022-03-10 13:00:00,0.0,0.0,0.0,3292.071,41.7,40.92,82.59999999999998,58.7,67.0,102.0,8.0,12.0,12.0,,,,,,,,,,,,,
159,2022-03-10 14:00:00,0.0,0.0,0.0,3449.625,42.0,40.74,82.59999999999998,58.7,67.0,102.0,8.0,12.0,12.0,,,,,,,,,,,,,
160,2022-03-10 15:00:00,0.0,0.0,0.0,2854.792,42.0,39.32,82.2,58.7,67.0,102.0,8.0,12.0,12.0,,,,,,,,,,,,,
161,2022-03-10 16:00:00,0.0,0.0,83.64499999999998,2939.231,42.0,37.35,81.0,58.7,67.0,102.0,8.0,12.0,12.0,,,,,,,,,,,,,
162,2022-03-10 17:00:00,0.0,0.0,589.239,2810.502,40.9,35.47,79.79999999999998,58.7,67.0,102.0,8.0,12.0,12.0,,,,,,,,,,,,,
163,2022-03-10 18:00:00,0.0,0.0,610.077,2623.24,38.9,33.99,77.79999999999998,58.7,67.0,102.0,8.0,12.0,12.0,,,,,,,,,,,,,
164,2022-03-10 19:00:00,0.0,0.0,616.094,2687.942,38.5,31.88,75.4,58.7,67.0,102.0,8.0,12.0,12.0,,,,,,,,,,,,,
165,2022-03-10 20:00:00,0.0,0.0,615.714,3197.892,38.1,29.43,73.0,58.7,67.0,102.0,8.0,12.0,12.0,,,,,,,,,,,,,
166,2022-03-10 21:00:00,0.0,0.0,151.702,2089.337,38.1,27.64,72.2,58.7,67.0,102.0,8.0,12.0,12.0,,,,,,,,,,,,,
167,2022-03-10 22:00:00,0.0,0.0,0.0,1711.448,38.1,27.25,72.2,58.7,67.0,102.0,8.0,12.0,12.0,,,,,,,,,,,,,
168,2022-03-10 23:00:00,0.0,0.0,0.0,1696.315,38.5,28.73,73.79999999999998,58.7,67.0,102.0,8.0,12.0,12.0,,,,,,,,,,,,,
193,2022-03-11 00:00:00,0.0,0.0,0.0,1826.962,38.9,31.25,75.79999999999998,58.7,67.0,102.0,8.0,12.0,12.0,,,,,,,,,,,,,
194,2022-03-11 01:00:00,0.0,0.0,0.0,1582.384,40.3,33.56,77.79999999999998,58.7,67.0,102.0,8.0,12.0,12.0,,,,,,,,,,,,,
195,2022-03-11 02:00:00,0.0,0.0,0.0,1448.927,41.7,36.08,79.79999999999998,58.7,67.0,102.0,8.0,12.0,12.0,,,,,,,,,,,,,
196,2022-03-11 03:00:00,0.0,0.0,0.0,1580.973,42.0,38.37,82.2,58.7,67.0,102.0,8.0,12.0,12.0,,,,,,,,,,,,,
197,2022-03-11 04:00:00,0.0,0.0,0.0,1671.895,43.3,40.8,84.59999999999998,58.7,67.0,102.0,8.0,12.0,12.0,,,,,,,,,,,,,
198,2022-03-11 05:00:00,24.0,0.0,0.0,1236.008,44.0,41.86,87.0,58.7,67.0,102.0,8.0,12.0,12.0,,,,,,,,,,,,,
199,2022-03-11 06:00:00,382.0,0.0,165.595,785.1889999999999,43.3,39.86,85.79999999999998,58.7,67.0,102.0,8.0,12.0,12.0,,,,,,,,,,,,,
200,2022-03-11 07:00:00,608.0,0.0,69.758,1339.752,42.5,37.47,83.79999999999998,58.7,67.0,102.0,8.0,12.0,12.0,,,,,,,,,,,,,
201,2022-03-11 08:00:00,622.0,0.0,0.0,1887.836,42.5,36.38,83.0,58.7,67.0,102.0,8.0,12.0,12.0,,,,,,,,,,,,,
202,2022-03-11 09:00:00,220.0,0.0,0.0,2099.456,42.5,34.61,83.0,58.7,67.0,102.0,8.0,12.0,12.0,,,,,,,,,,,,,
203,2022-03-11 10:00:00,24.0,0.0,0.0,2077.246,42.5,33.62,82.59999999999998,58.7,67.0,102.0,8.0,12.0,12.0,,,,,,,,,,,,,
204,2022-03-11 11:00:00,0.0,0.0,0.0,2218.003,42.5,32.75,82.2,58.7,67.0,102.0,8.0,12.0,12.0,,,,,,,,,,,,,
205,2022-03-11 12:00:00,0.0,0.0,0.0,1989.389,42.5,31.88,81.4,58.7,67.0,102.0,8.0,12.0,12.0,,,,,,,,,,,,,
206,2022-03-11 13:00:00,0.0,0.0,0.0,1771.428,42.5,31.0,80.2,58.7,67.0,102.0,8.0,12.0,12.0,,,,,,,,,,,,,
207,2022-03-11 14:00:00,0.0,0.0,0.0,1350.924,42.5,30.19,79.0,58.7,67.0,102.0,8.0,12.0,12.0,,,,,,,,,,,,,
208,2022-03-11 15:00:00,0.0,0.0,0.1719999999999999,1384.165,41.7,29.36,77.79999999999998,58.7,67.0,102.0,8.0,12.0,12.0,,,,,,,,,,,,,
209,2022-03-11 16:00:00,0.0,0.0,0.0,1705.233,40.9,28.92,76.2,58.7,67.0,102.0,8.0,12.0,12.0,,,,,,,,,,,,,
210,2022-03-11 17:00:00,24.0,0.0,30.906,1593.583,39.7,28.09,74.59999999999998,58.7,67.0,102.0,8.0,12.0,12.0,,,,,,,,,,,,,
211,2022-03-11 18:00:00,132.0,0.0,298.711,1003.867,38.9,27.0,72.59999999999998,58.7,67.0,102.0,8.0,12.0,12.0,,,,,,,,,,,,,
212,2022-03-11 19:00:00,128.0,0.0,311.223,1517.404,38.5,25.51,70.6,58.7,67.0,102.0,8.0,12.0,12.0,,,,,,,,,,,,,
213,2022-03-11 20:00:00,23.0,0.0,86.40399999999998,1965.593,37.7,23.22,69.4,58.7,67.0,102.0,8.0,12.0,12.0,,,,,,,,,,,,,
214,2022-03-11 21:00:00,0.0,0.0,0.0,1774.981,37.7,22.95,69.0,58.7,67.0,102.0,8.0,12.0,12.0,,,,,,,,,,,,,
215,2022-03-11 22:00:00,0.0,0.0,0.0,1361.714,38.1,23.81,69.8,58.7,67.0,102.0,8.0,12.0,12.0,,,,,,,,,,,,,
216,2022-03-11 23:00:00,0.0,0.0,0.0,1160.837,38.5,25.51,71.4,58.7,67.0,102.0,8.0,12.0,12.0,,,,,,,,,,,,,
241,2022-03-12 00:00:00,0.0,0.0,0.0,1108.763,39.7,27.9,73.4,58.7,67.0,102.0,8.0,12.0,12.0,,,,,,,,,,,,,
242,2022-03-12 01:00:00,0.0,0.0,0.0,1039.055,40.9,29.87,75.4,58.7,67.0,102.0,8.0,12.0,12.0,,,,,,,,,,,,,
243,2022-03-12 02:00:00,0.0,0.0,0.0,854.096,42.0,31.57,77.4,58.7,67.0,102.0,8.0,12.0,12.0,,,,,,,,,,,,,
244,2022-03-12 03:00:00,0.0,0.0,0.0,969.193,42.5,34.18,79.79999999999998,58.7,67.0,102.0,8.0,12.0,12.0,,,,,,,,,,,,,
245,2022-03-12 04:00:00,0.0,0.0,0.0,913.932,43.3,36.56,82.2,58.7,67.0,102.0,8.0,12.0,12.0,,,,,,,,,,,,,
246,2022-03-12 05:00:00,0.0,0.0,0.0,1083.588,44.0,38.97,84.59999999999998,58.7,67.0,102.0,8.0,12.0,12.0,,,,,,,,,,,,,
247,2022-03-12 06:00:00,0.0,0.0,0.0,1113.826,45.6,41.39,86.59999999999998,58.7,67.0,102.0,8.0,12.0,12.0,,,,,,,,,,,,,
248,2022-03-12 07:00:00,0.0,0.0,0.0,1180.662,46.0,43.54,88.59999999999998,58.7,67.0,102.0,8.0,12.0,12.0,,,,,,,,,,,,,
249,2022-03-12 08:00:00,0.0,0.0,0.0,1345.248,47.2,43.42,90.3,58.7,67.0,102.0,8.0,12.0,12.0,,,,,,,,,,,,,
250,2022-03-12 09:00:00,0.0,0.0,0.0,1359.017,47.2,43.25,90.3,58.7,67.0,102.0,8.0,12.0,12.0,,,,,,,,,,,,,
251,2022-03-12 10:00:00,0.0,0.0,0.0,1473.433,47.6,43.02,90.3,58.7,67.0,102.0,8.0,12.0,12.0,,,,,,,,,,,,,
252,2022-03-12 11:00:00,0.0,0.0,0.0,1624.493,47.6,42.67,90.3,58.7,67.0,102.0,8.0,12.0,12.0,,,,,,,,,,,,,
253,2022-03-12 12:00:00,0.0,0.0,0.0,1065.546,48.0,42.55,90.8,58.7,67.0,102.0,8.0,12.0,12.0,,,,,,,,,,,,,
254,2022-03-12 13:00:00,0.0,0.0,0.0,1091.198,49.6,42.67,90.8,58.7,67.0,102.0,8.0,12.0,12.0,,,,,,,,,,,,,
255,2022-03-12 14:00:00,0.0,0.0,0.0,964.355,50.0,43.07,91.8,58.7,67.0,102.0,8.0,12.0,12.0,,,,,,,,,,,,,
256,2022-03-12 15:00:00,0.0,0.0,0.0,846.229,50.8,43.36,91.8,58.7,67.0,102.0,8.0,12.0,12.0,,,,,,,,,,,,,
257,2022-03-12 16:00:00,0.0,0.0,0.0,1307.228,52.0,43.42,91.8,58.7,67.0,102.0,8.0,12.0,12.0,,,,,,,,,,,,,
258,2022-03-12 17:00:00,0.0,0.0,0.0,1165.205,52.0,42.61,92.1,58.7,67.0,102.0,8.0,12.0,12.0,,,,,,,,,,,,,
259,2022-03-12 18:00:00,0.0,0.0,0.0,809.707,52.0,41.39,90.8,58.7,67.0,102.0,8.0,12.0,12.0,,,,,,,,,,,,,
260,2022-03-12 19:00:00,0.0,0.0,0.0,1306.194,52.0,39.15,88.59999999999998,58.7,67.0,102.0,8.0,12.0,12.0,,,,,,,,,,,,,
261,2022-03-12 20:00:00,0.0,0.0,0.0,1225.617,50.8,36.2,85.0,58.7,67.0,102.0,8.0,12.0,12.0,,,,,,,,,,,,,
262,2022-03-12 21:00:00,0.0,0.0,0.0,1046.019,50.8,34.36,83.79999999999998,58.7,67.0,102.0,8.0,12.0,12.0,,,,,,,,,,,,,
263,2022-03-12 22:00:00,0.0,0.0,0.0,990.561,50.8,34.24,84.59999999999998,58.7,67.0,102.0,8.0,12.0,12.0,,,,,,,,,,,,,
264,2022-03-12 23:00:00,0.0,0.0,0.0,855.462,52.0,34.42,86.59999999999998,58.7,67.0,102.0,8.0,12.0,12.0,,,,,,,,,,,,,
289,2022-03-13 00:00:00,0.0,0.0,0.0,892.51,52.8,35.34,89.4,58.7,67.0,102.0,8.0,12.0,12.0,,,,,,,,,,,,,
290,2022-03-13 01:00:00,0.0,0.0,0.0,964.815,53.6,37.05,91.2,58.7,67.0,102.0,8.0,12.0,12.0,,,,,,,,,,,,,
291,2022-03-13 02:00:00,0.0,0.0,0.0,1094.796,54.4,39.5,93.0,58.7,67.0,102.0,8.0,12.0,12.0,,,,,,,,,,,,,
292,2022-03-13 03:00:00,0.0,0.0,0.0,1084.738,55.5,42.15,95.1,58.7,67.0,102.0,8.0,12.0,12.0,,,,,,,,,,,,,
293,2022-03-13 04:00:00,0.0,0.0,0.0,1002.191,55.9,44.39,97.5,58.7,67.0,102.0,8.0,12.0,12.0,,,,,,,,,,,,,
294,2022-03-13 05:00:00,0.0,0.0,0.0,927.504,56.7,46.87,101.7,58.7,67.0,102.0,8.0,12.0,12.0,,,,,,,,,,,,,
295,2022-03-13 06:00:00,0.0,0.0,0.0,1012.269,58.5,49.23,102.0,58.7,67.0,102.0,8.0,12.0,12.0,,,,,,,,,,,,,
296,2022-03-13 07:00:00,0.0,0.0,0.0,1202.757,58.5,49.83,102.0,58.7,67.0,102.0,8.0,12.0,12.0,,,,,,,,,,,,,
297,2022-03-13 08:00:00,0.0,0.0,0.0,976.213,56.7,48.69,97.8,58.7,67.0,102.0,8.0,12.0,12.0,,,,,,,,,,,,,
298,2022-03-13 09:00:00,0.0,0.0,0.0,1242.947,55.9,47.04,96.6,58.7,67.0,102.0,8.0,12.0,12.0,,,,,,,,,,,,,
299,2022-03-13 10:00:00,0.0,0.0,0.0,1159.997,55.2,46.31,95.4,58.7,67.0,102.0,8.0,12.0,12.0,,,,,,,,,,,,,
300,2022-03-13 11:00:00,0.0,0.0,0.0,1445.28,54.4,45.42,94.2,58.7,67.0,102.0,8.0,12.0,12.0,,,,,,,,,,,,,
301,2022-03-13 12:00:00,0.0,0.0,0.0,1244.218,53.2,43.59,92.7,58.7,67.0,102.0,8.0,12.0,12.0,,,,,,,,,,,,,
302,2022-03-13 13:00:00,0.0,0.0,0.0,1363.653,52.8,41.74,91.5,58.7,67.0,102.0,8.0,12.0,12.0,,,,,,,,,,,,,
303,2022-03-13 14:00:00,0.0,0.0,0.0,1208.74,52.0,40.45,90.6,58.7,67.0,102.0,8.0,12.0,12.0,,,,,,,,,,,,,
304,2022-03-13 15:00:00,0.0,0.0,0.0,1207.858,52.0,38.67,90.0,58.7,67.0,102.0,8.0,12.0,12.0,,,,,,,,,,,,,
305,2022-03-13 16:00:00,0.0,0.0,0.0,1117.964,52.0,38.31,89.7,58.7,67.0,102.0,8.0,12.0,12.0,,,,,,,,,,,,,
306,2022-03-13 17:00:00,0.0,0.0,0.0,1196.309,52.0,38.61,89.7,58.7,67.0,102.0,8.0,12.0,12.0,,,,,,,,,,,,,
307,2022-03-13 18:00:00,0.0,0.0,0.0,546.897,52.0,39.26,90.0,58.7,67.0,102.0,8.0,12.0,12.0,,,,,,,,,,,,,
308,2022-03-13 19:00:00,0.0,0.0,0.0,1084.496,52.0,38.25,89.4,58.7,67.0,102.0,8.0,12.0,12.0,,,,,,,,,,,,,
309,2022-03-13 20:00:00,0.0,0.0,0.0,0.0,52.0,36.99,87.4,58.7,67.0,102.0,8.0,12.0,12.0,,,,,,,,,,,,,
310,2022-03-13 21:00:00,0.0,0.0,0.0,0.0,52.0,36.01,86.2,58.7,67.0,102.0,8.0,12.0,12.0,,,,,,,,,,,,,
311,2022-03-13 22:00:00,0.0,0.0,0.0,0.0,52.8,37.11,87.4,58.7,67.0,102.0,8.0,12.0,12.0,,,,,,,,,,,,,
312,2022-03-13 23:00:00,0.0,0.0,0.0,0.0,53.2,39.15,89.4,58.7,67.0,102.0,8.0,12.0,12.0,,,,,,,,,,,,,
337,2022-03-14 00:00:00,0.0,0.0,0.0,0.0,54.4,41.45,90.8,58.7,67.0,102.0,8.0,12.0,12.0,,,,,,,,,,,,,
338,2022-03-14 01:00:00,0.0,0.0,0.0,0.0,55.5,43.94,92.4,58.7,67.0,102.0,8.0,12.0,12.0,,,,,,,,,,,,,
339,2022-03-14 02:00:00,0.0,0.0,0.0,0.0,56.7,46.26,94.3,58.7,67.0,102.0,8.0,12.0,12.0,,,,,,,,,,,,,
340,2022-03-14 03:00:00,0.0,0.0,0.0,0.0,56.7,48.69,96.6,58.7,67.0,102.0,8.0,12.0,12.0,,,,,,,,,,,,,
341,2022-03-14 04:00:00,0.0,0.0,0.0,0.0,58.5,50.52,98.4,58.7,67.0,102.0,8.0,12.0,12.0,,,,,,,,,,,,,
342,2022-03-14 05:00:00,0.0,0.0,0.0,0.0,58.5,51.11,102.0,58.7,67.0,102.0,8.0,12.0,12.0,,,,,,,,,,,,,
343,2022-03-14 06:00:00,0.0,0.0,0.0,0.0,58.5,50.31,101.7,58.7,67.0,102.0,8.0,12.0,12.0,,,,,,,,,,,,,
344,2022-03-14 07:00:00,0.0,0.0,0.0,0.0,56.7,49.07,97.8,58.7,67.0,102.0,8.0,12.0,12.0,,,,,,,,,,,,,
345,2022-03-14 08:00:00,0.0,0.0,0.0,0.0,55.5,48.03,96.9,58.7,67.0,102.0,8.0,12.0,12.0,,,,,,,,,,,,,
346,2022-03-14 09:00:00,0.0,0.0,0.0,0.0,55.2,46.43,95.4,58.7,67.0,102.0,8.0,12.0,12.0,,,,,,,,,,,,,
347,2022-03-14 10:00:00,0.0,0.0,0.0,0.0,53.6,45.7,94.3,58.7,67.0,102.0,8.0,12.0,12.0,,,,,,,,,,,,,
348,2022-03-14 11:00:00,0.0,0.0,0.0,0.0,52.8,44.45,94.2,58.7,67.0,102.0,8.0,12.0,12.0,,,,,,,,,,,,,
349,2022-03-14 12:00:00,0.0,0.0,0.0,0.0,53.2,44.28,93.3,58.7,67.0,102.0,8.0,12.0,12.0,,,,,,,,,,,,,
350,2022-03-14 13:00:00,0.0,0.0,0.0,0.0,53.2,43.25,93.3,58.7,67.0,102.0,8.0,12.0,12.0,,,,,,,,,,,,,
351,2022-03-14 14:00:00,0.0,0.0,0.0,0.0,52.8,42.5,93.3,58.7,67.0,102.0,8.0,12.0,12.0,,,,,,,,,,,,,
352,2022-03-14 15:00:00,0.0,0.0,7.192,0.0,52.8,41.56,93.0,58.7,67.0,102.0,8.0,12.0,12.0,,,,,,,,,,,,,
353,2022-03-14 16:00:00,0.0,0.0,573.248,0.0,52.0,40.57,91.5,58.7,67.0,102.0,8.0,12.0,12.0,,,,,,,,,,,,,
354,2022-03-14 17:00:00,282.0,0.0,918.749,0.0,50.8,38.25,89.7,58.7,67.0,102.0,8.0,12.0,12.0,,,,,,,,,,,,,
355,2022-03-14 18:00:00,374.0,0.0,963.9140000000002,0.0,50.0,36.74,87.79999999999998,58.7,67.0,102.0,8.0,12.0,12.0,,,,,,,,,,,,,
356,2022-03-14 19:00:00,374.0,0.0,968.259,0.0,48.8,34.36,85.79999999999998,58.7,67.0,102.0,8.0,12.0,12.0,,,,,,,,,,,,,
357,2022-03-14 20:00:00,17.0,0.0,382.594,0.0,48.0,32.44,84.2,58.7,67.0,102.0,8.0,12.0,12.0,,,,,,,,,,,,,
358,2022-03-14 21:00:00,0.0,0.0,0.0,0.0,48.8,32.44,84.59999999999998,58.7,67.0,102.0,8.0,12.0,12.0,,,,,,,,,,,,,
359,2022-03-14 22:00:00,0.0,0.0,0.0,0.0,49.6,34.42,87.0,58.7,67.0,102.0,8.0,12.0,12.0,,,,,,,,,,,,,
360,2022-03-14 23:00:00,0.0,0.0,0.0,0.0,49.6,36.56,89.4,58.7,67.0,102.0,8.0,12.0,12.0,,,,,,,,,,,,,
10,,,,,,,,,,,,,,,,,,,,,,,,,,,
