Date_Time_Hour_Beginning,Thermal_Gen_Excl_Pumping_and_SCO,Eskom_OCGT_SCO_Pumping,Eskom_Gas_SCO_Pumping,Hydro_Water_SCO_Pumping,Pumped_Water_SCO_Pumping,Thermal_Generation,Nuclear_Generation,International_Imports,Eskom_OCGT_Generation,Eskom_Gas_Generation,Dispatchable_IPP_OCGT,Hydro_Water_Generation,Pumped_Water_Generation,IOS_Excl_ILS_and_MLR,ILS_Usage,Manual_Load_Reduction_MLR,Wind,PV,CSP,Other_RE
2022-03-11 00:00:00,17569.935000000001,-5.0650000000000004,-2,0,-2131,19708,914,1154,0,0,0,603,0,0,0,1826.962,913.35699999999997,0,17.449000000000002,18.298999999999999
2022-03-11 18:00:00,21639.781000000003,-4.7990000000000004,-2,0,-4,21650.580000000002,913,1224,132,0,298.71100000000001,603,1308,0.59999999999999998,0,1003.867,1189.607,30.032,274.005,8.2530000000000001
2022-03-11 19:00:00,21770.067999999999,-4.9320000000000004,-2,0,-6,21783,913,1184,128,0,311.22300000000001,603,1340,0.59999999999999998,0,1517.404,1201.4659999999999,0.42199999999999999,275.41199999999998,8.5800000000000001
2022-03-11 20:00:00,21727.067999999999,-4.9320000000000004,-2,0,-6,21740,913,1165,23,0,86.403999999999996,603,328,0.59999999999999998,0,1965.5930000000001,1044.191,0,265.90300000000002,8.5109999999999992
2022-03-11 21:00:00,20696.067999999999,-4.9320000000000004,-2,0,-854,21557,913,1169,0,0,0,603,0,0.59999999999999998,0,1774.981,1147.2470000000001,0,88.539000000000001,12.942
2022-03-11 22:00:00,19546.067999999999,-4.9320000000000004,-2,0,-1741,21294,913,1141,0,0,0,603,0,0.59999999999999998,0,1361.7139999999999,1189.4010000000001,0,0,15.837999999999999
2022-03-11 23:00:00,18697.201000000001,-4.7990000000000004,-2,0,-2207,20911,913,1133,0,0,0,603,0,0.59999999999999998,0,1160.837,1190.8820000000001,0,0,15.769
2022-03-11 05:00:00,20252.935000000001,-5.0650000000000004,-2,0,-89,20349,914,1215,24,0,0,603,1083,30.800000000000001,0,1236.008,930.81200000000001,0,0,15.772
2022-03-11 06:00:00,20388.401000000002,-3.5990000000000002,-2,0,-4,20398,914,1380,382,0,165.595,603,1688,0,342.69999999999999,785.18899999999996,999.59100000000001,29.305,0,16.042000000000002
2022-03-11 07:00:00,20496.934000000001,-3.0659999999999998,-2,0,-6,20508,914,1365,608,0,69.757999999999996,603,560,0.25,104.3,1339.752,1007.275,540.87300000000005,5.0309999999999997,17.763000000000002
2022-03-11 08:00:00,20423.534,-3.4660000000000002,-2,0,-8,20437,914,1351,622,0,0,603,621,0.59999999999999998,0,1887.836,864.95399999999995,1207.99,172.685,19.045999999999999
2022-03-11 09:00:00,20698.066999999999,-2.9329999999999998,-2,0,-6,20709,914,1361,220,0,0,603,452,0.59999999999999998,0,2099.4560000000001,798.35699999999997,1527.99,311.77699999999999,18.959
2022-03-11 10:00:00,20785.600999999999,-4.399,-2,0,-4,20796,915,1356,24,0,0,603,446,0.59999999999999998,0,2077.2460000000001,914.31600000000003,1649.6859999999999,339.33800000000002,18.864999999999998
2022-03-11 11:00:00,20787.935000000001,-5.0650000000000004,-2,0,-6,20801,914,1340,0,0,0,603,486,0.59999999999999998,0,2218.0030000000002,961.23099999999999,1669.7829999999999,240.95400000000001,18.507000000000001
2022-03-11 12:00:00,20709.067999999999,-4.9320000000000004,-2,0,-5,20721,913,1351,0,0,0,603,718,0.59999999999999998,0,1989.3889999999999,1000.673,1569.316,234.38900000000001,18.794
2022-03-11 13:00:00,20959.067999999999,-4.9320000000000004,-2,0,-6,20972,914,1360,0,0,0,603,694,0.59999999999999998,0,1771.4280000000001,1010.419,1373.653,174.54599999999999,18.798999999999999
2022-03-11 14:00:00,21106.067999999999,-4.9320000000000004,-2,0,-5,21118,914,1363,0,0,0,603,1022,0.59999999999999998,0,1350.924,1056.5740000000001,1175.646,173.21199999999999,18.766999999999999
2022-03-11 15:00:00,21237.348000000002,-4.532,-2,0,-6,21249.880000000001,914,1373,0,0,0.17199999999999999,603,832,0.59999999999999998,0,1384.165,1137.453,1144.048,114.398,18.641999999999999
2022-03-11 16:00:00,21215.935000000001,-5.0650000000000004,-2,0,-6,21229,913,1251,0,0,0,603,959,0.59999999999999998,0,1705.2329999999999,1189.5899999999999,816.66399999999999,147.822,16.029
2022-03-11 17:00:00,21439.201000000001,-4.7990000000000004,-2,0,-5,21451,913,1260,24,0,30.905999999999999,603,1096,0.59999999999999998,0,1593.5830000000001,1149.23,264.46100000000001,270.07100000000003,8.2520000000000007
2022-03-11 18:00:00,21639.781000000003,-4.7990000000000004,-2,0,-4,21650.580000000002,913,1224,132,0,298.71100000000001,603,1308,0.59999999999999998,0,1003.867,1189.607,30.032,274.005,8.2530000000000001
2022-03-11 19:00:00,21770.067999999999,-4.9320000000000004,-2,0,-6,21783,913,1184,128,0,311.22300000000001,603,1340,0.59999999999999998,0,1517.404,1201.4659999999999,0.42199999999999999,275.41199999999998,8.5800000000000001
2022-03-11 20:00:00,21727.067999999999,-4.9320000000000004,-2,0,-6,21740,913,1165,23,0,86.403999999999996,603,328,0.59999999999999998,0,1965.5930000000001,1044.191,0,265.90300000000002,8.5109999999999992
2022-03-11 21:00:00,20696.067999999999,-4.9320000000000004,-2,0,-854,21557,913,1169,0,0,0,603,0,0.59999999999999998,0,1774.981,1147.2470000000001,0,88.539000000000001,12.942
2022-03-11 00:00:00,17569.935000000001,-5.0650000000000004,-2,0,-2131,19708,914,1154,0,0,0,603,0,0,0,1826.962,913.35699999999997,0,17.449000000000002,18.298999999999999
2022-03-11 01:00:00,17431.111000000001,-4.7990000000000004,-2,0,-2186,19623.91,914,1170,0,0,0,603,0,0,0,1582.384,924.30700000000002,0,0,18.25
2022-03-11 02:00:00,17460.935000000001,-5.0650000000000004,-2,0,-2172,19640,914,1181,0,0,0,603,0,0,0,1448.9269999999999,906.11000000000001,0,0,15.845000000000001
2022-03-11 03:00:00,17618.800999999999,-5.1989999999999998,-2,0,-2202,19828,914,1175,0,0,0,603,0,11.199999999999999,0,1580.973,853.88300000000004,0,0,15.695
2022-03-11 04:00:00,18578.201000000001,-4.7990000000000004,-2,0,-1537,20122,914,1195,0,0,0,603,0,42,0,1671.895,880.48699999999997,0,0,15.706
2022-03-11 22:00:00,19546.067999999999,-4.9320000000000004,-2,0,-1741,21294,913,1141,0,0,0,603,0,0.59999999999999998,0,1361.7139999999999,1189.4010000000001,0,0,15.837999999999999
2022-03-11 23:00:00,18697.201000000001,-4.7990000000000004,-2,0,-2207,20911,913,1133,0,0,0,603,0,0.59999999999999998,0,1160.837,1190.8820000000001,0,0,15.769
2022-03-11 01:00:00,17431.111000000001,-4.7990000000000004,-2,0,-2186,19623.91,914,1170,0,0,0,603,0,0,0,1582.384,924.30700000000002,0,0,18.25
2022-03-11 02:00:00,17460.935000000001,-5.0650000000000004,-2,0,-2172,19640,914,1181,0,0,0,603,0,0,0,1448.9269999999999,906.11000000000001,0,0,15.845000000000001
2022-03-11 03:00:00,17618.800999999999,-5.1989999999999998,-2,0,-2202,19828,914,1175,0,0,0,603,0,11.199999999999999,0,1580.973,853.88300000000004,0,0,15.695
2022-03-11 04:00:00,18578.201000000001,-4.7990000000000004,-2,0,-1537,20122,914,1195,0,0,0,603,0,42,0,1671.895,880.48699999999997,0,0,15.706
2022-03-11 05:00:00,20252.935000000001,-5.0650000000000004,-2,0,-89,20349,914,1215,24,0,0,603,1083,30.800000000000001,0,1236.008,930.81200000000001,0,0,15.772
2022-03-11 06:00:00,20388.401000000002,-3.5990000000000002,-2,0,-4,20398,914,1380,382,0,165.595,603,1688,0,342.69999999999999,785.18899999999996,999.59100000000001,29.305,0,16.042000000000002
2022-03-11 07:00:00,20496.934000000001,-3.0659999999999998,-2,0,-6,20508,914,1365,608,0,69.757999999999996,603,560,0.25,104.3,1339.752,1007.275,540.87300000000005,5.0309999999999997,17.763000000000002
2022-03-11 08:00:00,20423.534,-3.4660000000000002,-2,0,-8,20437,914,1351,622,0,0,603,621,0.59999999999999998,0,1887.836,864.95399999999995,1207.99,172.685,19.045999999999999
2022-03-11 09:00:00,20698.066999999999,-2.9329999999999998,-2,0,-6,20709,914,1361,220,0,0,603,452,0.59999999999999998,0,2099.4560000000001,798.35699999999997,1527.99,311.77699999999999,18.959
2022-03-11 10:00:00,20785.600999999999,-4.399,-2,0,-4,20796,915,1356,24,0,0,603,446,0.59999999999999998,0,2077.2460000000001,914.31600000000003,1649.6859999999999,339.33800000000002,18.864999999999998
2022-03-11 11:00:00,20787.935000000001,-5.0650000000000004,-2,0,-6,20801,914,1340,0,0,0,603,486,0.59999999999999998,0,2218.0030000000002,961.23099999999999,1669.7829999999999,240.95400000000001,18.507000000000001
2022-03-11 12:00:00,20709.067999999999,-4.9320000000000004,-2,0,-5,20721,913,1351,0,0,0,603,718,0.59999999999999998,0,1989.3889999999999,1000.673,1569.316,234.38900000000001,18.794
2022-03-11 13:00:00,20959.067999999999,-4.9320000000000004,-2,0,-6,20972,914,1360,0,0,0,603,694,0.59999999999999998,0,1771.4280000000001,1010.419,1373.653,174.54599999999999,18.798999999999999
2022-03-11 14:00:00,21106.067999999999,-4.9320000000000004,-2,0,-5,21118,914,1363,0,0,0,603,1022,0.59999999999999998,0,1350.924,1056.5740000000001,1175.646,173.21199999999999,18.766999999999999
2022-03-11 15:00:00,21237.348000000002,-4.532,-2,0,-6,21249.880000000001,914,1373,0,0,0.17199999999999999,603,832,0.59999999999999998,0,1384.165,1137.453,1144.048,114.398,18.641999999999999
2022-03-11 16:00:00,21215.935000000001,-5.0650000000000004,-2,0,-6,21229,913,1251,0,0,0,603,959,0.59999999999999998,0,1705.2329999999999,1189.5899999999999,816.66399999999999,147.822,16.029
2022-03-11 17:00:00,21439.201000000001,-4.7990000000000004,-2,0,-5,21451,913,1260,24,0,30.905999999999999,603,1096,0.59999999999999998,0,1593.5830000000001,1149.23,264.46100000000001,270.07100000000003,8.2520000000000007
2022-03-12 11:00:00,19670.067999999999,-4.9320000000000004,-2,0,-424,20101,913,1322,0,0,0,603,0,0,0,1624.4929999999999,1682.0139999999999,1491.7090000000001,159.69,14.25
2022-03-12 12:00:00,19730.201000000001,-4.7990000000000004,-2,0,-215,19952,913,1324,0,0,0,603,0,0,0,1065.546,1733.373,1674.864,175.97,15.239000000000001
2022-03-12 13:00:00,19350.935000000001,-5.0650000000000004,-2,0,-723,20081,912,1330,0,0,0,603,0,0,0,1091.1980000000001,1708.577,1652.0360000000001,222.02799999999999,14.108000000000001
2022-03-12 14:00:00,19240.201000000001,-4.7990000000000004,-2,0,-328,19575,911,1335,0,0,0,606,0,0,0,964.35500000000002,1676.865,1551.04,291.31700000000001,15.827
2022-03-12 15:00:00,19099.748,-4.9320000000000004,-2,0,-445,19551.68,911,1336,0,0,0,603,0,102.733,0,846.22900000000004,1648.4280000000001,1360.3989999999999,303.71100000000001,17.673999999999999
2022-03-12 16:00:00,19155.067999999999,-4.9320000000000004,-2,0,-61,19223,911,1220,0,0,0,603,257,268,0,1307.2280000000001,1445.3040000000001,998.73900000000003,262.83699999999999,17.832999999999998
2022-03-12 17:00:00,19368.201000000001,-4.7990000000000004,-2,0,-10,19385,910,1244,0,0,0,603,920,268,0,1165.2049999999999,1159.0530000000001,487.44,370.40600000000001,17.050000000000001
2022-03-12 18:00:00,20367.935000000001,-5.0650000000000004,-2,0,-7,20382,910,1182,0,0,0,603,1535,268,0,809.70699999999999,1208.5239999999999,61.548999999999999,327.75200000000001,17.815000000000001
2022-03-12 19:00:00,20576.067999999999,-4.9320000000000004,-2,0,-1,20584,910,1138,0,0,0,603,2114,268,0,1306.194,1038.798,0,192.97499999999999,16.869
2022-03-12 20:00:00,20348.067999999999,-4.9320000000000004,-2,0,-11,20366,910,1140,0,0,0,603,1140,268,0,1225.617,943.30499999999995,0,83.799999999999997,16.347000000000001
2022-03-12 21:00:00,19939.935000000001,-5.0650000000000004,-2,0,-407,20354,910,1127,0,0,0,603,79,268,0,1046.019,961.04399999999998,0,0,16.288
2022-03-12 22:00:00,19139.935000000001,-5.0650000000000004,-2,0,-1083,20230,910,900,0,0,0,603,0,93.799999999999997,0,990.56100000000004,1069.423,0,0,16.248999999999999
2022-03-12 23:00:00,17916.935000000001,-5.0650000000000004,-2,0,-1553,19477,910,871,0,0,0,603,0,0,0,855.46199999999999,1429.8869999999999,0,0,16.204000000000001
2022-03-12 00:00:00,18043.067999999999,-4.9320000000000004,-2,0,-1855,19905,913,1142,0,0,0,603,0,0.59999999999999998,0,1108.7629999999999,1174.3309999999999,0,0,15.417
2022-03-12 01:00:00,17813.201000000001,-4.7990000000000004,-2,0,-1933,19753,913,1146,0,0,0,603,0,0.5,0,1039.0550000000001,986.86599999999999,0,0,10.406000000000001
2022-03-12 02:00:00,17844.201000000001,-4.7990000000000004,-2,0,-2204,20055,913,1149,0,0,0,603,0,0,0,854.096,854.63900000000001,0,0,7.6150000000000002
2022-03-12 03:00:00,17849.800999999999,-5.1989999999999998,-2,0,-2227,20084,913,1155,0,0,0,603,0,0,0,969.19299999999998,791.07000000000005,0,0,7.7119999999999997
2022-03-12 04:00:00,18071.067999999999,-4.9320000000000004,-2,0,-2215,20293,913,1157,0,0,0,603,0,0,0,913.93200000000002,956.08299999999997,0,0,7.7489999999999997
2022-03-12 05:00:00,18361.067999999999,-4.9320000000000004,-2,0,-2205,20573,913,1158,0,0,0,603,0,0,0,1083.588,1130.4269999999999,0,0,7.8109999999999999
2022-03-12 06:00:00,19249.201000000001,-4.7990000000000004,-2,0,-1893,21149,914,1188,0,0,0,603,0,0,0,1113.826,1124.971,19.594999999999999,0,8.048
2022-03-12 07:00:00,20510.067999999999,-4.9320000000000004,-2,0,-883,21400,913,1306,0,0,0,603,0,0,0,1180.662,1013.164,258.31999999999999,0,8.1969999999999992
2022-03-12 08:00:00,21294.333999999999,-4.6660000000000004,-2,0,-108,21409,913,1331,0,0,0,603,126,9,0,1345.248,931.63099999999997,729.61900000000003,18.795999999999999,9.4239999999999995
2022-03-12 09:00:00,21041.468000000001,-4.532,-2,0,-5,21053,913,1330,0,0,0,603,121,0,0,1359.0170000000001,1163.598,1026.0609999999999,156.655,13.917
2022-03-12 10:00:00,20471.757999999998,-4.9320000000000004,-2,0,-119,20597.689999999999,913,1332,0,0,0,603,73,0,0,1473.433,1428.4010000000001,1164.0150000000001,179.18799999999999,14.154
2022-03-12 11:00:00,19670.067999999999,-4.9320000000000004,-2,0,-424,20101,913,1322,0,0,0,603,0,0,0,1624.4929999999999,1682.0139999999999,1491.7090000000001,159.69,14.25
2022-03-12 12:00:00,19730.201000000001,-4.7990000000000004,-2,0,-215,19952,913,1324,0,0,0,603,0,0,0,1065.546,1733.373,1674.864,175.97,15.239000000000001
2022-03-12 13:00:00,19350.935000000001,-5.0650000000000004,-2,0,-723,20081,912,1330,0,0,0,603,0,0,0,1091.1980000000001,1708.577,1652.0360000000001,222.02799999999999,14.108000000000001
2022-03-12 14:00:00,19240.201000000001,-4.7990000000000004,-2,0,-328,19575,911,1335,0,0,0,606,0,0,0,964.35500000000002,1676.865,1551.04,291.31700000000001,15.827
2022-03-12 15:00:00,19099.748,-4.9320000000000004,-2,0,-445,19551.68,911,1336,0,0,0,603,0,102.733,0,846.22900000000004,1648.4280000000001,1360.3989999999999,303.71100000000001,17.673999999999999
2022-03-12 16:00:00,19155.067999999999,-4.9320000000000004,-2,0,-61,19223,911,1220,0,0,0,603,257,268,0,1307.2280000000001,1445.3040000000001,998.73900000000003,262.83699999999999,17.832999999999998
2022-03-12 17:00:00,19368.201000000001,-4.7990000000000004,-2,0,-10,19385,910,1244,0,0,0,603,920,268,0,1165.2049999999999,1159.0530000000001,487.44,370.40600000000001,17.050000000000001
2022-03-12 18:00:00,20367.935000000001,-5.0650000000000004,-2,0,-7,20382,910,1182,0,0,0,603,1535,268,0,809.70699999999999,1208.5239999999999,61.548999999999999,327.75200000000001,17.815000000000001
2022-03-12 19:00:00,20576.067999999999,-4.9320000000000004,-2,0,-1,20584,910,1138,0,0,0,603,2114,268,0,1306.194,1038.798,0,192.97499999999999,16.869
2022-03-12 20:00:00,20348.067999999999,-4.9320000000000004,-2,0,-11,20366,910,1140,0,0,0,603,1140,268,0,1225.617,943.30499999999995,0,83.799999999999997,16.347000000000001
2022-03-12 21:00:00,19939.935000000001,-5.0650000000000004,-2,0,-407,20354,910,1127,0,0,0,603,79,268,0,1046.019,961.04399999999998,0,0,16.288
2022-03-12 22:00:00,19139.935000000001,-5.0650000000000004,-2,0,-1083,20230,910,900,0,0,0,603,0,93.799999999999997,0,990.56100000000004,1069.423,0,0,16.248999999999999
2022-03-12 23:00:00,17916.935000000001,-5.0650000000000004,-2,0,-1553,19477,910,871,0,0,0,603,0,0,0,855.46199999999999,1429.8869999999999,0,0,16.204000000000001
2022-03-12 00:00:00,18043.067999999999,-4.9320000000000004,-2,0,-1855,19905,913,1142,0,0,0,603,0,0.59999999999999998,0,1108.7629999999999,1174.3309999999999,0,0,15.417
2022-03-12 01:00:00,17813.201000000001,-4.7990000000000004,-2,0,-1933,19753,913,1146,0,0,0,603,0,0.5,0,1039.0550000000001,986.86599999999999,0,0,10.406000000000001
2022-03-12 02:00:00,17844.201000000001,-4.7990000000000004,-2,0,-2204,20055,913,1149,0,0,0,603,0,0,0,854.096,854.63900000000001,0,0,7.6150000000000002
2022-03-12 03:00:00,17849.800999999999,-5.1989999999999998,-2,0,-2227,20084,913,1155,0,0,0,603,0,0,0,969.19299999999998,791.07000000000005,0,0,7.7119999999999997
2022-03-12 04:00:00,18071.067999999999,-4.9320000000000004,-2,0,-2215,20293,913,1157,0,0,0,603,0,0,0,913.93200000000002,956.08299999999997,0,0,7.7489999999999997
2022-03-12 05:00:00,18361.067999999999,-4.9320000000000004,-2,0,-2205,20573,913,1158,0,0,0,603,0,0,0,1083.588,1130.4269999999999,0,0,7.8109999999999999
2022-03-12 06:00:00,19249.201000000001,-4.7990000000000004,-2,0,-1893,21149,914,1188,0,0,0,603,0,0,0,1113.826,1124.971,19.594999999999999,0,8.048
2022-03-12 07:00:00,20510.067999999999,-4.9320000000000004,-2,0,-883,21400,913,1306,0,0,0,603,0,0,0,1180.662,1013.164,258.31999999999999,0,8.1969999999999992
2022-03-12 08:00:00,21294.333999999999,-4.6660000000000004,-2,0,-108,21409,913,1331,0,0,0,603,126,9,0,1345.248,931.63099999999997,729.61900000000003,18.795999999999999,9.4239999999999995
2022-03-12 09:00:00,21041.468000000001,-4.532,-2,0,-5,21053,913,1330,0,0,0,603,121,0,0,1359.0170000000001,1163.598,1026.0609999999999,156.655,13.917
2022-03-12 10:00:00,20471.757999999998,-4.9320000000000004,-2,0,-119,20597.689999999999,913,1332,0,0,0,603,73,0,0,1473.433,1428.4010000000001,1164.0150000000001,179.18799999999999,14.154
2022-03-13 00:00:00,17103.935000000001,-5.0650000000000004,-2,0,-1929,19040,911,875,0,0,0,603,0,0,0,892.50999999999999,1540.549,0,0,15.753
2022-03-13 01:00:00,16680.668000000001,-5.3319999999999999,-2,0,-2198,18886,910,916,0,0,0,603,0,0,0,964.81500000000005,1553.925,0,0,15.380000000000001
2022-03-13 02:00:00,16543.067999999999,-4.9320000000000004,-2,0,-2179,18729,911,930,0,0,0,603,0,0,0,1094.796,1438.396,0,0,14.952999999999999
2022-03-13 03:00:00,16501.800999999999,-5.1989999999999998,-2,0,-2177,18686,911,920,0,0,0,603,0,0,0,1084.7380000000001,1476.615,0,0,14.724
2022-03-13 04:00:00,16996.800999999999,-5.1989999999999998,-2,0,-1786,18790,912,927,0,0,0,603,0,0,0,1002.191,1185.9880000000001,0,0,14.589
2022-03-13 05:00:00,17426.800999999999,-5.1989999999999998,-2,0,-1299,18733,911,809,0,0,0,603,0,0,0,927.50400000000002,1235.8920000000001,0,0,14.692
2022-03-13 06:00:00,18529.815000000002,-5.0650000000000004,-2,0,-299,18835.880000000001,912,836,0,0,0,604,0,0,0,1012.269,1102.798,23.661000000000001,0,15.586
2022-03-13 07:00:00,18827.800999999999,-5.1989999999999998,-2,0,-8,18843,912,1255,0,0,0,603,839,0,0,1202.7570000000001,779.54100000000005,409.12900000000002,0,15.553000000000001
2022-03-13 00:00:00,17103.935000000001,-5.0650000000000004,-2,0,-1929,19040,911,875,0,0,0,603,0,0,0,892.50999999999999,1540.549,0,0,15.753
2022-03-13 01:00:00,16680.668000000001,-5.3319999999999999,-2,0,-2198,18886,910,916,0,0,0,603,0,0,0,964.81500000000005,1553.925,0,0,15.380000000000001
2022-03-13 02:00:00,16543.067999999999,-4.9320000000000004,-2,0,-2179,18729,911,930,0,0,0,603,0,0,0,1094.796,1438.396,0,0,14.952999999999999
2022-03-13 03:00:00,16501.800999999999,-5.1989999999999998,-2,0,-2177,18686,911,920,0,0,0,603,0,0,0,1084.7380000000001,1476.615,0,0,14.724
2022-03-13 04:00:00,16996.800999999999,-5.1989999999999998,-2,0,-1786,18790,912,927,0,0,0,603,0,0,0,1002.191,1185.9880000000001,0,0,14.589
2022-03-13 05:00:00,17426.800999999999,-5.1989999999999998,-2,0,-1299,18733,911,809,0,0,0,603,0,0,0,927.50400000000002,1235.8920000000001,0,0,14.692
2022-03-13 06:00:00,18529.815000000002,-5.0650000000000004,-2,0,-299,18835.880000000001,912,836,0,0,0,604,0,0,0,1012.269,1102.798,23.661000000000001,0,15.586
2022-03-13 07:00:00,18827.800999999999,-5.1989999999999998,-2,0,-8,18843,912,1255,0,0,0,603,839,0,0,1202.7570000000001,779.54100000000005,409.12900000000002,0,15.553000000000001
2022-03-13 08:00:00,19330.800999999999,-5.1989999999999998,-2,0,-4,19342,912,1254,0,0,0,603,1164,0,0,976.21299999999997,731.07500000000005,968.03599999999994,44.918999999999997,15.535
2022-03-13 09:00:00,19231.800999999999,-5.1989999999999998,-2,0,-12,19251,912,1253,0,0,0,603,830,0,0,1242.9469999999999,1133.616,1258.3869999999999,108.73999999999999,15.487
2022-03-13 10:00:00,19176.251,-5.1989999999999998,-2,0,-11,19194.450000000001,912,1244,0,0,0,603,909,0,0,1159.9970000000001,1033.2149999999999,1432.5650000000001,147.71299999999999,13.936
2022-03-13 11:00:00,18795.800999999999,-5.1989999999999998,-2,0,-6,18809,912,1216,0,0,0,603,1215,0,0,1445.28,862.26800000000003,1444.1289999999999,171.06899999999999,13.391999999999999
2022-03-13 12:00:00,18845.800999999999,-5.1989999999999998,-2,0,-12,18865,912,1212,0,0,0,603,1231,0,0,1244.2180000000001,957.20100000000002,1297.442,154.87100000000001,13.494999999999999
2022-03-13 13:00:00,18783.800999999999,-5.1989999999999998,-2,0,-13,18804,912,1215,0,0,0,603,927,0,0,1363.653,1080.2940000000001,1294.5050000000001,152.17699999999999,15.9
2022-03-13 14:00:00,18864.800999999999,-5.1989999999999998,-2,0,-15,18887,912,1229,0,0,0,603,744,0,0,1208.74,1251.653,1062.5519999999999,131.73699999999999,15.943
2022-03-13 15:00:00,19316.800999999999,-5.1989999999999998,-2,0,-19,19343,912,1230,0,0,0,603,227,0,0,1207.8579999999999,1298.3920000000001,903.14099999999996,98.593000000000004,9.2289999999999992
2022-03-13 16:00:00,19946.800999999999,-5.1989999999999998,-2,0,-134,20088,912,1231,0,0,0,603,36,0,0,1117.9639999999999,1493.722,632.12599999999998,99.587999999999994,12.843999999999999
2022-03-13 17:00:00,20606.935000000001,-5.0650000000000004,-2,0,-493,21107,912,1226,0,0,0,603,0,0,0,1196.309,1585.8699999999999,265.31400000000002,90.176000000000002,15.779
2022-03-13 18:00:00,21548.830999999998,-5.1989999999999998,-2,0,-13,21569.029999999999,912,1175,0,0,0,603,543,0,0,546.89700000000005,1648.8810000000001,23.484000000000002,92.591999999999999,11.457000000000001
2022-03-13 19:00:00,21612.668000000001,-5.3319999999999999,-2,0,-14,21634,911,1130,0,0,0,603,1024,0,0,1084.4960000000001,1480.1500000000001,0.002,92.632000000000005,12.798
2022-03-13 20:00:00,21660.275000000001,-5.0650000000000004,-2,0,-48,21715.34,912,1182,0,0,0,603,723,0,0,0,1406.691,0,92.210999999999999,15.789999999999999
2022-03-13 21:00:00,20521.800999999999,-5.1989999999999998,-2,0,-1033,21562,912,1167,0,0,0,603,0,0,0,0,1399.9649999999999,0,32.066000000000003,10.866
2022-03-13 22:00:00,18725.668000000001,-5.3319999999999999,-2,0,-1800,20533,912,1128,0,0,0,603,0,0,0,0,1569.511,0,0,13.534000000000001
2022-03-13 23:00:00,17565.800999999999,-5.1989999999999998,-2,0,-1955,19528,912,1140,0,0,0,603,0,0,0,0,1588.845,0,0,16.058
2022-03-13 08:00:00,19330.800999999999,-5.1989999999999998,-2,0,-4,19342,912,1254,0,0,0,603,1164,0,0,976.21299999999997,731.07500000000005,968.03599999999994,44.918999999999997,15.535
2022-03-13 09:00:00,19231.800999999999,-5.1989999999999998,-2,0,-12,19251,912,1253,0,0,0,603,830,0,0,1242.9469999999999,1133.616,1258.3869999999999,108.73999999999999,15.487
2022-03-13 10:00:00,19176.251,-5.1989999999999998,-2,0,-11,19194.450000000001,912,1244,0,0,0,603,909,0,0,1159.9970000000001,1033.2149999999999,1432.5650000000001,147.71299999999999,13.936
2022-03-13 11:00:00,18795.800999999999,-5.1989999999999998,-2,0,-6,18809,912,1216,0,0,0,603,1215,0,0,1445.28,862.26800000000003,1444.1289999999999,171.06899999999999,13.391999999999999
2022-03-13 12:00:00,18845.800999999999,-5.1989999999999998,-2,0,-12,18865,912,1212,0,0,0,603,1231,0,0,1244.2180000000001,957.20100000000002,1297.442,154.87100000000001,13.494999999999999
2022-03-13 13:00:00,18783.800999999999,-5.1989999999999998,-2,0,-13,18804,912,1215,0,0,0,603,927,0,0,1363.653,1080.2940000000001,1294.5050000000001,152.17699999999999,15.9
2022-03-13 14:00:00,18864.800999999999,-5.1989999999999998,-2,0,-15,18887,912,1229,0,0,0,603,744,0,0,1208.74,1251.653,1062.5519999999999,131.73699999999999,15.943
2022-03-13 15:00:00,19316.800999999999,-5.1989999999999998,-2,0,-19,19343,912,1230,0,0,0,603,227,0,0,1207.8579999999999,1298.3920000000001,903.14099999999996,98.593000000000004,9.2289999999999992
2022-03-13 16:00:00,19946.800999999999,-5.1989999999999998,-2,0,-134,20088,912,1231,0,0,0,603,36,0,0,1117.9639999999999,1493.722,632.12599999999998,99.587999999999994,12.843999999999999
2022-03-13 17:00:00,20606.935000000001,-5.0650000000000004,-2,0,-493,21107,912,1226,0,0,0,603,0,0,0,1196.309,1585.8699999999999,265.31400000000002,90.176000000000002,15.779
2022-03-13 18:00:00,21548.830999999998,-5.1989999999999998,-2,0,-13,21569.029999999999,912,1175,0,0,0,603,543,0,0,546.89700000000005,1648.8810000000001,23.484000000000002,92.591999999999999,11.457000000000001
2022-03-13 19:00:00,21612.668000000001,-5.3319999999999999,-2,0,-14,21634,911,1130,0,0,0,603,1024,0,0,1084.4960000000001,1480.1500000000001,0.002,92.632000000000005,12.798
2022-03-13 20:00:00,21660.275000000001,-5.0650000000000004,-2,0,-48,21715.34,912,1182,0,0,0,603,723,0,0,0,1406.691,0,92.210999999999999,15.789999999999999
2022-03-13 21:00:00,20521.800999999999,-5.1989999999999998,-2,0,-1033,21562,912,1167,0,0,0,603,0,0,0,0,1399.9649999999999,0,32.066000000000003,10.866
2022-03-13 22:00:00,18725.668000000001,-5.3319999999999999,-2,0,-1800,20533,912,1128,0,0,0,603,0,0,0,0,1569.511,0,0,13.534000000000001
2022-03-13 23:00:00,17565.800999999999,-5.1989999999999998,-2,0,-1955,19528,912,1140,0,0,0,603,0,0,0,0,1588.845,0,0,16.058
2022-03-14 00:00:00,17229.800999999999,-5.1989999999999998,-2,0,-2113,19350,912,1153,0,0,0,603,0,0,0,0,1544.3219999999999,0,0,16.251999999999999
2022-03-14 01:00:00,16819.800999999999,-5.1989999999999998,-2,0,-2177,19004,912,1165,0,0,0,603,0,0,0,0,1574.9829999999999,0,0,16.236999999999998
2022-03-14 02:00:00,16723.535,-5.4649999999999999,-2,0,-2188,18919,912,1158,0,0,0,603,0,0,0,0,1510.453,0,0,16.129000000000001
2022-03-14 03:00:00,17242.800999999999,-5.1989999999999998,-2,0,-1673,18923,913,968,0,0,0,603,0,0,0,0,1338.8309999999999,0,0,16.145
2022-03-14 04:00:00,18602.800999999999,-5.1989999999999998,-2,0,-446,19056,912,1000,0,0,0,603,0,0,0,0,1273.5530000000001,0,0,16.097000000000001
2022-03-14 05:00:00,20759.935000000001,-5.0650000000000004,-2,0,-14,20781,912,1180,0,0,0,603,332,0,0,0,1189.0540000000001,0,0,16.07
2022-03-14 06:00:00,22059.255000000001,-5.0650000000000004,-2,0,-14,22080.32,912,1178,0,0,0,603,806,0,0,0,1166.962,12.804,0,16.07
2022-03-14 07:00:00,21626.800999999999,-5.1989999999999998,-2,0,-14,21648,912,1194,0,0,0,603,851,0,0,0,1174.6890000000001,178.995,0,17.064
2022-03-14 08:00:00,21944.800999999999,-5.1989999999999998,-2,0,-8,21960,912,1175,0,0,0,603,1197,0,0,0,1120.076,504.66000000000003,0.76000000000000001,17.699999999999999
2022-03-14 09:00:00,22156.935000000001,-5.0650000000000004,-2,0,-15,22179,912,1172,0,0,0,603,771,0,0,0,1142.011,825.85199999999998,154.399,17.861999999999998
2022-03-14 10:00:00,22210.485000000001,-5.0650000000000004,-2,0,-16,22233.549999999999,912,1176,0,0,0,603,705,0,0,0,1026.3009999999999,1019.7569999999999,200.727,16.254000000000001
2022-03-14 11:00:00,21978.131000000001,-5.1989999999999998,-2,0,-14,21999.330000000002,912,1190,0,0,0,603,421,0,0,0,1127.9949999999999,1200.979,222.62100000000001,16.585000000000001
2022-03-14 12:00:00,21778.935000000001,-5.0650000000000004,-2,0,-13,21799,912,1208,0,0,0,603,273,0,0,0,1206.0820000000001,1217.2149999999999,324.03500000000003,16.908000000000001
2022-03-14 13:00:00,21894.800999999999,-5.1989999999999998,-2,0,-13,21915,911,1216,0,0,0,603,273,0,0,0,1132.26,1170.654,368.22000000000003,20.181999999999999
2022-03-14 14:00:00,21796.067999999999,-4.9320000000000004,-2,0,-12,21815,911,1209,0,0,0,603,438,0,0,0,1195.1579999999999,1216.6010000000001,377.38799999999998,20.178000000000001
2022-03-14 15:00:00,21766.525000000001,-5.0650000000000004,-2,0,-11,21784.59,911,1231,0,0,7.1920000000000002,603,1164,0,0,0,1241.116,1180.568,405.64999999999998,20.248999999999999
2022-03-14 16:00:00,21707.935000000001,-5.0650000000000004,-2,0,-7,21722,911,1271,0,0,573.24800000000005,603,1478,0,0,0,1247.8589999999999,867.97900000000004,401.01100000000002,20.283999999999999
2022-03-14 17:00:00,21872.644,-3.4660000000000002,-2,0,-5,21883.110000000001,911,1251,282,0,918.74900000000002,603,1387,0,0,0,1452.7139999999999,480.17599999999999,415.60899999999998,20.513999999999999
2022-03-14 18:00:00,21921.534,-3.4660000000000002,-2,0,-10,21937,911,1150,374,0,963.91399999999999,603,1602,265,0,0,1495.595,81.673000000000002,396.66800000000001,20.565999999999999
2022-03-14 19:00:00,22136.534,-3.4660000000000002,-2,0,-15,22157,911,1177,374,0,968.25900000000001,603,1082,265,0,0,1547.412,0,354.387,20.57
2022-03-14 20:00:00,22195.067999999999,-4.9320000000000004,-2,0,-392,22594,911,1194,17,0,382.59399999999999,603,0,0,0,0,1651.2809999999999,0,290.005,20.605
2022-03-14 21:00:00,20714.800999999999,-5.1989999999999998,-2,0,-1594,22316,911,1158,0,0,0,603,0,0.5,0,0,1623.5630000000001,0,285.56299999999999,20.605
2022-03-14 22:00:00,18976.067999999999,-4.9320000000000004,-2,0,-2016,20999,911,1108,0,0,0,603,0,2,0,0,1600.886,0,101.512,20.510000000000002
2022-03-14 23:00:00,18062.067999999999,-4.9320000000000004,-2,0,-2055,20124,911,1172,0,0,0,603,0,1.5,0,0,1426.903,0,29.158999999999999,19.911000000000001
2022-03-14 00:00:00,17229.800999999999,-5.1989999999999998,-2,0,-2113,19350,912,1153,0,0,0,603,0,0,0,0,1544.3219999999999,0,0,16.251999999999999
2022-03-14 01:00:00,16819.800999999999,-5.1989999999999998,-2,0,-2177,19004,912,1165,0,0,0,603,0,0,0,0,1574.9829999999999,0,0,16.236999999999998
2022-03-14 02:00:00,16723.535,-5.4649999999999999,-2,0,-2188,18919,912,1158,0,0,0,603,0,0,0,0,1510.453,0,0,16.129000000000001
2022-03-14 03:00:00,17242.800999999999,-5.1989999999999998,-2,0,-1673,18923,913,968,0,0,0,603,0,0,0,0,1338.8309999999999,0,0,16.145
2022-03-14 04:00:00,18602.800999999999,-5.1989999999999998,-2,0,-446,19056,912,1000,0,0,0,603,0,0,0,0,1273.5530000000001,0,0,16.097000000000001
2022-03-14 05:00:00,20759.935000000001,-5.0650000000000004,-2,0,-14,20781,912,1180,0,0,0,603,332,0,0,0,1189.0540000000001,0,0,16.07
2022-03-14 06:00:00,22059.255000000001,-5.0650000000000004,-2,0,-14,22080.32,912,1178,0,0,0,603,806,0,0,0,1166.962,12.804,0,16.07
2022-03-14 07:00:00,21626.800999999999,-5.1989999999999998,-2,0,-14,21648,912,1194,0,0,0,603,851,0,0,0,1174.6890000000001,178.995,0,17.064
2022-03-14 08:00:00,21944.800999999999,-5.1989999999999998,-2,0,-8,21960,912,1175,0,0,0,603,1197,0,0,0,1120.076,504.66000000000003,0.76000000000000001,17.699999999999999
2022-03-14 09:00:00,22156.935000000001,-5.0650000000000004,-2,0,-15,22179,912,1172,0,0,0,603,771,0,0,0,1142.011,825.85199999999998,154.399,17.861999999999998
2022-03-14 10:00:00,22210.485000000001,-5.0650000000000004,-2,0,-16,22233.549999999999,912,1176,0,0,0,603,705,0,0,0,1026.3009999999999,1019.7569999999999,200.727,16.254000000000001
2022-03-14 11:00:00,21978.131000000001,-5.1989999999999998,-2,0,-14,21999.330000000002,912,1190,0,0,0,603,421,0,0,0,1127.9949999999999,1200.979,222.62100000000001,16.585000000000001
2022-03-14 12:00:00,21778.935000000001,-5.0650000000000004,-2,0,-13,21799,912,1208,0,0,0,603,273,0,0,0,1206.0820000000001,1217.2149999999999,324.03500000000003,16.908000000000001
2022-03-14 13:00:00,21894.800999999999,-5.1989999999999998,-2,0,-13,21915,911,1216,0,0,0,603,273,0,0,0,1132.26,1170.654,368.22000000000003,20.181999999999999
2022-03-14 14:00:00,21796.067999999999,-4.9320000000000004,-2,0,-12,21815,911,1209,0,0,0,603,438,0,0,0,1195.1579999999999,1216.6010000000001,377.38799999999998,20.178000000000001
2022-03-14 15:00:00,21766.525000000001,-5.0650000000000004,-2,0,-11,21784.59,911,1231,0,0,7.1920000000000002,603,1164,0,0,0,1241.116,1180.568,405.64999999999998,20.248999999999999
2022-03-14 16:00:00,21707.935000000001,-5.0650000000000004,-2,0,-7,21722,911,1271,0,0,573.24800000000005,603,1478,0,0,0,1247.8589999999999,867.97900000000004,401.01100000000002,20.283999999999999
2022-03-14 17:00:00,21872.644,-3.4660000000000002,-2,0,-5,21883.110000000001,911,1251,282,0,918.74900000000002,603,1387,0,0,0,1452.7139999999999,480.17599999999999,415.60899999999998,20.513999999999999
2022-03-14 18:00:00,21921.534,-3.4660000000000002,-2,0,-10,21937,911,1150,374,0,963.91399999999999,603,1602,265,0,0,1495.595,81.673000000000002,396.66800000000001,20.565999999999999
2022-03-14 19:00:00,22136.534,-3.4660000000000002,-2,0,-15,22157,911,1177,374,0,968.25900000000001,603,1082,265,0,0,1547.412,0,354.387,20.57
2022-03-14 20:00:00,22195.067999999999,-4.9320000000000004,-2,0,-392,22594,911,1194,17,0,382.59399999999999,603,0,0,0,0,1651.2809999999999,0,290.005,20.605
2022-03-14 21:00:00,20714.800999999999,-5.1989999999999998,-2,0,-1594,22316,911,1158,0,0,0,603,0,0.5,0,0,1623.5630000000001,0,285.56299999999999,20.605
2022-03-14 22:00:00,18976.067999999999,-4.9320000000000004,-2,0,-2016,20999,911,1108,0,0,0,603,0,2,0,0,1600.886,0,101.512,20.510000000000002
2022-03-14 23:00:00,18062.067999999999,-4.9320000000000004,-2,0,-2055,20124,911,1172,0,0,0,603,0,1.5,0,0,1426.903,0,29.158999999999999,19.911000000000001
2022-03-15 00:00:00,18010.800999999999,-5.1989999999999998,-2,0,-1734,19752,911,981,0,0,0,603,0,0.90000000000000002,0,0,1284.4880000000001,0,0,19.558
2022-03-15 01:00:00,18193.800999999999,-5.1989999999999998,-2,0,-2151,20352,912,967,0,0,0,603,0,2,0,0,1116.1990000000001,0,0,19.902999999999999
2022-03-15 02:00:00,18072.668000000001,-5.3319999999999999,-2,0,-1781,19861,912,986,0,0,0,603,0,1.367,0,0,1022.092,0,0,20.358000000000001
2022-03-15 03:00:00,18188.067999999999,-4.9320000000000004,-2,0,-1723,19918,912,1016,0,0,0,603,0,0,0,0,1000.105,0,0,20.443000000000001
2022-03-15 04:00:00,19348.800999999999,-5.1989999999999998,-2,0,-1732,21088,913,1189,0,0,0,603,0,0,0,0,1040.5050000000001,0,0,20.048999999999999
2022-03-15 05:00:00,21373.935000000001,-5.0650000000000004,-2,0,-421,21802,913,1197,0,0,372.459,603,8,0,0,0,1021.922,0,0,19.77
2022-03-15 06:00:00,21956.668000000001,-5.3319999999999999,-2,0,-12,21976,913,1210,166,0,981.59400000000005,603,447,0,0,0,1004.349,27.074000000000002,0,20.196000000000002
2022-03-15 00:00:00,18010.800999999999,-5.1989999999999998,-2,0,-1734,19752,911,981,0,0,0,603,0,0.90000000000000002,0,0,1284.4880000000001,0,0,19.558
2022-03-15 01:00:00,18193.800999999999,-5.1989999999999998,-2,0,-2151,20352,912,967,0,0,0,603,0,2,0,0,1116.1990000000001,0,0,19.902999999999999
2022-03-15 02:00:00,18072.668000000001,-5.3319999999999999,-2,0,-1781,19861,912,986,0,0,0,603,0,1.367,0,0,1022.092,0,0,20.358000000000001
2022-03-15 03:00:00,18188.067999999999,-4.9320000000000004,-2,0,-1723,19918,912,1016,0,0,0,603,0,0,0,0,1000.105,0,0,20.443000000000001
2022-03-15 04:00:00,19348.800999999999,-5.1989999999999998,-2,0,-1732,21088,913,1189,0,0,0,603,0,0,0,0,1040.5050000000001,0,0,20.048999999999999
2022-03-15 05:00:00,21373.935000000001,-5.0650000000000004,-2,0,-421,21802,913,1197,0,0,372.459,603,8,0,0,0,1021.922,0,0,19.77
2022-03-15 06:00:00,21956.668000000001,-5.3319999999999999,-2,0,-12,21976,913,1210,166,0,981.59400000000005,603,447,0,0,0,1004.349,27.074000000000002,0,20.196000000000002
2022-03-15 07:00:00,22078.935000000001,-5.0650000000000004,-2,0,-13,22099,914,1206,23,0,724.11800000000005,603,97,0,0,0,858.32799999999997,505.11099999999999,47.433,20.802
2022-03-15 08:00:00,22338.800999999999,-5.1989999999999998,-2,0,-13,22359,914,1197,0,0,40.116,603,564,0,0,0,612.18899999999996,1126.02,251.70400000000001,20.946999999999999
2022-03-15 09:00:00,22367.800999999999,-5.1989999999999998,-2,0,-14,22389,914,1214,0,0,0,603,293,0,0,0,458.12099999999998,1436.2860000000001,489.90600000000001,20.896000000000001
2022-03-15 10:00:00,21574.935000000001,-5.0650000000000004,-2,0,-10,21592,913,1220,0,0,0,603,448,0,0,0,369.85300000000001,1646.502,493.57499999999999,18.834
2022-03-15 11:00:00,21448.415000000001,-5.0650000000000004,-2,0,-15,21470.48,913,1208,0,0,0.14999999999999999,603,807,0,0,0,225.47499999999999,1809.443,493.90300000000002,18.18
2022-03-15 12:00:00,21350.935000000001,-5.0650000000000004,-2,0,-19,21377,913,1224,0,0,0,603,875,0,0,0,132.53999999999999,1786.9259999999999,492.01900000000001,18.239999999999998
2022-03-15 13:00:00,21274.935000000001,-5.0650000000000004,-2,0,-18,21300,913,1218,0,0,0,603,738,0,0,0,163.56399999999999,1815.04,498.86000000000001,20.649000000000001
2022-03-15 14:00:00,21186.935000000001,-5.0650000000000004,-2,0,-13,21207,914,1207,0,0,0,603,976,0,0,0,275.84800000000001,1737.806,499.84699999999998,20.678999999999998
2022-03-15 15:00:00,21249.201000000001,-4.7990000000000004,-2,0,-13,21269,914,1223,0,0,0,603,1358,0,0,0,410.447,1570.423,500.17099999999999,20.741
2022-03-15 16:00:00,21539.935000000001,-5.0650000000000004,-2,0,-7,21554,913,1244,0,0,125.044,603,1681,0,0,0,499.15100000000001,1304.364,500.30500000000001,20.898
2022-03-15 17:00:00,21683.935000000001,-5.0650000000000004,-2,0,-9,21700,913,1227,0,0,895.10699999999997,603,1516,0,0,0,669.58500000000004,772.13599999999997,486.16300000000001,20.847000000000001
2022-03-15 18:00:00,21856.133999999998,-3.8660000000000001,-2,0,-2,21864,913,1154,175,0,958.69000000000005,603,2181,227,0,0,806.52300000000002,98.653999999999996,437.51799999999997,20.809000000000001
2022-03-15 19:00:00,21923.800999999999,-3.1989999999999998,-2,0,-5,21934,914,1167,382,0,965.76499999999999,603,1769,228.80000000000001,0,0,1057.9010000000001,0,415.714,20.779
2022-03-15 20:00:00,21975.867999999999,-4.1319999999999997,-2,0,-139,22121,914,1138,122,0,815.78899999999999,603,197,3,0,0,1173.9459999999999,0,415.15499999999997,20.77
2022-03-15 21:00:00,20818.800999999999,-5.1989999999999998,-2,0,-1385,22211,914,1146,0,0,15.612,603,0,3,0,0,1246.961,0,400.76600000000002,20.762
2022-03-15 22:00:00,19488.935000000001,-5.0650000000000004,-2,0,-2254,21750,914,1096,0,0,0,603,0,3,0,0,1102.739,0,117.06,20.559999999999999
2022-03-15 23:00:00,18913.800999999999,-5.1989999999999998,-2,0,-2427,21348,913,906,0,0,0,603,0,2.25,0,0,1010.379,0,48.923000000000002,19.774999999999999
2022-03-15 07:00:00,22078.935000000001,-5.0650000000000004,-2,0,-13,22099,914,1206,23,0,724.11800000000005,603,97,0,0,0,858.32799999999997,505.11099999999999,47.433,20.802
2022-03-15 08:00:00,22338.800999999999,-5.1989999999999998,-2,0,-13,22359,914,1197,0,0,40.116,603,564,0,0,0,612.18899999999996,1126.02,251.70400000000001,20.946999999999999
2022-03-15 09:00:00,22367.800999999999,-5.1989999999999998,-2,0,-14,22389,914,1214,0,0,0,603,293,0,0,0,458.12099999999998,1436.2860000000001,489.90600000000001,20.896000000000001
2022-03-15 10:00:00,21574.935000000001,-5.0650000000000004,-2,0,-10,21592,913,1220,0,0,0,603,448,0,0,0,369.85300000000001,1646.502,493.57499999999999,18.834
2022-03-15 11:00:00,21448.415000000001,-5.0650000000000004,-2,0,-15,21470.48,913,1208,0,0,0.14999999999999999,603,807,0,0,0,225.47499999999999,1809.443,493.90300000000002,18.18
2022-03-15 12:00:00,21350.935000000001,-5.0650000000000004,-2,0,-19,21377,913,1224,0,0,0,603,875,0,0,0,132.53999999999999,1786.9259999999999,492.01900000000001,18.239999999999998
2022-03-15 13:00:00,21274.935000000001,-5.0650000000000004,-2,0,-18,21300,913,1218,0,0,0,603,738,0,0,0,163.56399999999999,1815.04,498.86000000000001,20.649000000000001
2022-03-15 14:00:00,21186.935000000001,-5.0650000000000004,-2,0,-13,21207,914,1207,0,0,0,603,976,0,0,0,275.84800000000001,1737.806,499.84699999999998,20.678999999999998
2022-03-15 15:00:00,21249.201000000001,-4.7990000000000004,-2,0,-13,21269,914,1223,0,0,0,603,1358,0,0,0,410.447,1570.423,500.17099999999999,20.741
2022-03-15 16:00:00,21539.935000000001,-5.0650000000000004,-2,0,-7,21554,913,1244,0,0,125.044,603,1681,0,0,0,499.15100000000001,1304.364,500.30500000000001,20.898
2022-03-15 17:00:00,21683.935000000001,-5.0650000000000004,-2,0,-9,21700,913,1227,0,0,895.10699999999997,603,1516,0,0,0,669.58500000000004,772.13599999999997,486.16300000000001,20.847000000000001
2022-03-15 18:00:00,21856.133999999998,-3.8660000000000001,-2,0,-2,21864,913,1154,175,0,958.69000000000005,603,2181,227,0,0,806.52300000000002,98.653999999999996,437.51799999999997,20.809000000000001
2022-03-15 19:00:00,21923.800999999999,-3.1989999999999998,-2,0,-5,21934,914,1167,382,0,965.76499999999999,603,1769,228.80000000000001,0,0,1057.9010000000001,0,415.714,20.779
2022-03-15 20:00:00,21975.867999999999,-4.1319999999999997,-2,0,-139,22121,914,1138,122,0,815.78899999999999,603,197,3,0,0,1173.9459999999999,0,415.15499999999997,20.77
2022-03-15 21:00:00,20818.800999999999,-5.1989999999999998,-2,0,-1385,22211,914,1146,0,0,15.612,603,0,3,0,0,1246.961,0,400.76600000000002,20.762
2022-03-15 22:00:00,19488.935000000001,-5.0650000000000004,-2,0,-2254,21750,914,1096,0,0,0,603,0,3,0,0,1102.739,0,117.06,20.559999999999999
2022-03-15 23:00:00,18913.800999999999,-5.1989999999999998,-2,0,-2427,21348,913,906,0,0,0,603,0,2.25,0,0,1010.379,0,48.923000000000002,19.774999999999999
2022-03-16 00:00:00,18037.668000000001,-5.3319999999999999,-2,0,-2530,20575,914,1095,0,0,0,603,0,0,0,0,981.53999999999996,0,35.402999999999999,19.408999999999999
2022-03-16 01:00:00,17564.935000000001,-5.0650000000000004,-2,0,-2514,20086,914,1140,0,0,0,603,0,0,0,0,956.23900000000003,0,35.406999999999996,19.378
2022-03-16 02:00:00,17452.067999999999,-4.9320000000000004,-2,0,-1948,19407,914,1177,0,0,0,603,0,0,0,0,885.71199999999999,0,35.365000000000002,19.423999999999999
2022-03-16 03:00:00,17890.668000000001,-5.3319999999999999,-2,0,-1586,19484,914,1124,0,0,0,603,0,0,0,0,825.95699999999999,0,35.295000000000002,19.591999999999999
2022-03-16 04:00:00,19195.935000000001,-5.0650000000000004,-2,0,-645,19848,914,1141,0,0,0,603,0,0,0,0,820.84100000000001,0,17.620999999999999,19.600999999999999
2022-03-16 05:00:00,21563.935000000001,-5.0650000000000004,-2,0,-112,21683,914,1099,0,0,0,603,377,0,0,0,816.827,0,0,19.584
2022-03-16 06:00:00,22583.800999999999,-5.1989999999999998,-2,0,-13,22604,914,1138,0,0,0,603,1122,0,0,0,806.87300000000005,31.280999999999999,11.577999999999999,19.983000000000001
2022-03-16 07:00:00,22169.800999999999,-5.1989999999999998,-2,0,-18,22195,914,1176,0,0,0,603,553,0,0,0,731.00599999999997,567.76099999999997,172.209,20.475999999999999
2022-03-16 08:00:00,21588.201000000001,-4.7990000000000004,-2,0,-12,21607,914,1169,0,0,0,603,994,0,0,0,581.43399999999997,1258.529,380.53100000000001,20.605
2022-03-16 09:00:00,21026.935000000001,-5.0650000000000004,-2,0,-11,21045,914,1174,0,0,0,603,1248,0,0,0,530.21900000000005,1569.556,496.04899999999998,20.178000000000001
2022-03-16 10:00:00,20643.495000000003,-5.0650000000000004,-2,0,-13,20663.560000000001,914,1176,0,0,0,603,1203,0,0,0,504.97300000000001,1734.296,488.24700000000001,17.774000000000001
2022-03-16 11:00:00,21166.201000000001,-4.7990000000000004,-2,0,-19,21192,914,1170,0,0,0,603,554,0,0,0,503.33800000000002,1737.3599999999999,471.46100000000001,17.152000000000001
2022-03-16 12:00:00,21624.800999999999,-5.1989999999999998,-2,0,-17,21649,913,1183,0,0,0,603,128,0,0,0,460.22199999999998,1693.8889999999999,469.15699999999998,17.224
2022-03-16 13:00:00,21658.935000000001,-5.0650000000000004,-2,0,-20,21686,914,1194,0,0,0,603,0,0,0,0,453.947,1699.905,475.79399999999998,19.626000000000001
2022-03-16 14:00:00,21868.067999999999,-4.9320000000000004,-2,0,-15,21890,914,1202,0,0,0,603,243,0,0,0,491.81700000000001,1582.721,474.82100000000003,19.489999999999998
2022-03-16 15:00:00,22151.201000000001,-4.7990000000000004,-2,0,-11,22169,914,1215,0,0,0,603,679,0,0,0,536.221,1421.674,472.51999999999998,19.594999999999999
2022-03-16 16:00:00,22267.428,-4.9320000000000004,-2,0,-8,22282.360000000001,913,1251,0,0,0,603,1412,0,0,0,636.13199999999995,1172.683,467.62400000000002,19.68
2022-03-16 00:00:00,18037.668000000001,-5.3319999999999999,-2,0,-2530,20575,914,1095,0,0,0,603,0,0,0,0,981.53999999999996,0,35.402999999999999,19.408999999999999
2022-03-16 01:00:00,17564.935000000001,-5.0650000000000004,-2,0,-2514,20086,914,1140,0,0,0,603,0,0,0,0,956.23900000000003,0,35.406999999999996,19.378
2022-03-16 02:00:00,17452.067999999999,-4.9320000000000004,-2,0,-1948,19407,914,1177,0,0,0,603,0,0,0,0,885.71199999999999,0,35.365000000000002,19.423999999999999
2022-03-16 03:00:00,17890.668000000001,-5.3319999999999999,-2,0,-1586,19484,914,1124,0,0,0,603,0,0,0,0,825.95699999999999,0,35.295000000000002,19.591999999999999
2022-03-16 04:00:00,19195.935000000001,-5.0650000000000004,-2,0,-645,19848,914,1141,0,0,0,603,0,0,0,0,820.84100000000001,0,17.620999999999999,19.600999999999999
2022-03-16 05:00:00,21563.935000000001,-5.0650000000000004,-2,0,-112,21683,914,1099,0,0,0,603,377,0,0,0,816.827,0,0,19.584
2022-03-16 06:00:00,22583.800999999999,-5.1989999999999998,-2,0,-13,22604,914,1138,0,0,0,603,1122,0,0,0,806.87300000000005,31.280999999999999,11.577999999999999,19.983000000000001
2022-03-16 07:00:00,22169.800999999999,-5.1989999999999998,-2,0,-18,22195,914,1176,0,0,0,603,553,0,0,0,731.00599999999997,567.76099999999997,172.209,20.475999999999999
2022-03-16 08:00:00,21588.201000000001,-4.7990000000000004,-2,0,-12,21607,914,1169,0,0,0,603,994,0,0,0,581.43399999999997,1258.529,380.53100000000001,20.605
2022-03-16 09:00:00,21026.935000000001,-5.0650000000000004,-2,0,-11,21045,914,1174,0,0,0,603,1248,0,0,0,530.21900000000005,1569.556,496.04899999999998,20.178000000000001
2022-03-16 10:00:00,20643.495000000003,-5.0650000000000004,-2,0,-13,20663.560000000001,914,1176,0,0,0,603,1203,0,0,0,504.97300000000001,1734.296,488.24700000000001,17.774000000000001
2022-03-16 11:00:00,21166.201000000001,-4.7990000000000004,-2,0,-19,21192,914,1170,0,0,0,603,554,0,0,0,503.33800000000002,1737.3599999999999,471.46100000000001,17.152000000000001
2022-03-16 12:00:00,21624.800999999999,-5.1989999999999998,-2,0,-17,21649,913,1183,0,0,0,603,128,0,0,0,460.22199999999998,1693.8889999999999,469.15699999999998,17.224
2022-03-16 13:00:00,21658.935000000001,-5.0650000000000004,-2,0,-20,21686,914,1194,0,0,0,603,0,0,0,0,453.947,1699.905,475.79399999999998,19.626000000000001
2022-03-16 14:00:00,21868.067999999999,-4.9320000000000004,-2,0,-15,21890,914,1202,0,0,0,603,243,0,0,0,491.81700000000001,1582.721,474.82100000000003,19.489999999999998
2022-03-16 15:00:00,22151.201000000001,-4.7990000000000004,-2,0,-11,22169,914,1215,0,0,0,603,679,0,0,0,536.221,1421.674,472.51999999999998,19.594999999999999
2022-03-16 16:00:00,22267.428,-4.9320000000000004,-2,0,-8,22282.360000000001,913,1251,0,0,0,603,1412,0,0,0,636.13199999999995,1172.683,467.62400000000002,19.68
2022-03-16 17:00:00,22161.067999999999,-4.9320000000000004,-2,0,-3,22171,913,1233,0,0,0,603,1938,0,105,0,810.48299999999995,639.93499999999995,486.59899999999999,19.648
2022-03-16 18:00:00,21883.761000000002,-4.7990000000000004,-2,0,0,21890.560000000001,913,1198,29,0,0,603,2317,174,606.45000000000005,0,1101.2280000000001,82.730000000000004,429.26900000000001,19.641999999999999
2022-03-16 19:00:00,21835.067999999999,-4.9320000000000004,-2,0,-3,21845,913,1248,236,0,0,603,1984,174,290.55000000000001,0,1319.8130000000001,0,410.25099999999998,19.643000000000001
2022-03-16 20:00:00,21966.935000000001,-5.0650000000000004,-2,0,-147,22121,913,1327,127,0,0,603,459,5.5,0,0,1475.5619999999999,0,408.52999999999997,19.643999999999998
2022-03-16 21:00:00,20507.800999999999,-5.1989999999999998,-2,0,-1767,22282,913,1291,0,0,0,603,0,0,0,0,1482.9970000000001,0,395.51600000000002,19.611000000000001
2022-03-16 22:00:00,19061.231,-5.1989999999999998,-2,0,-2056,21124.43,914,1048,0,0,0,603,0,0,0,0,1375.585,0,115.63500000000001,19.300000000000001
2022-03-16 23:00:00,18452.285,-5.0650000000000004,-2,0,-2353,20812.349999999999,913,774,0,0,0,603,0,0,0,0,1324.893,0,42.222999999999999,18.673999999999999
2022-03-16 17:00:00,22161.067999999999,-4.9320000000000004,-2,0,-3,22171,913,1233,0,0,0,603,1938,0,105,0,810.48299999999995,639.93499999999995,486.59899999999999,19.648
2022-03-16 18:00:00,21883.761000000002,-4.7990000000000004,-2,0,0,21890.560000000001,913,1198,29,0,0,603,2317,174,606.45000000000005,0,1101.2280000000001,82.730000000000004,429.26900000000001,19.641999999999999
2022-03-16 19:00:00,21835.067999999999,-4.9320000000000004,-2,0,-3,21845,913,1248,236,0,0,603,1984,174,290.55000000000001,0,1319.8130000000001,0,410.25099999999998,19.643000000000001
2022-03-16 20:00:00,21966.935000000001,-5.0650000000000004,-2,0,-147,22121,913,1327,127,0,0,603,459,5.5,0,0,1475.5619999999999,0,408.52999999999997,19.643999999999998
2022-03-16 21:00:00,20507.800999999999,-5.1989999999999998,-2,0,-1767,22282,913,1291,0,0,0,603,0,0,0,0,1482.9970000000001,0,395.51600000000002,19.611000000000001
2022-03-16 22:00:00,19061.231,-5.1989999999999998,-2,0,-2056,21124.43,914,1048,0,0,0,603,0,0,0,0,1375.585,0,115.63500000000001,19.300000000000001
2022-03-16 23:00:00,18452.285,-5.0650000000000004,-2,0,-2353,20812.349999999999,913,774,0,0,0,603,0,0,0,0,1324.893,0,42.222999999999999,18.673999999999999
2022-03-17 00:00:00,18707.067999999999,-4.9320000000000004,-2,0,-2294,21008,914,54,0,0,0,603,0,0,0,0,1272.4469999999999,0,35.240000000000002,18.495999999999999
2022-03-17 01:00:00,18599.201000000001,-4.7990000000000004,-2,0,-1973,20579,913,30,0,0,0,603,0,0,0,0,1153.5630000000001,0,35.198999999999998,18.483000000000001
2022-03-17 02:00:00,18572.970999999998,-5.1989999999999998,-2,0,-2217,20797.169999999998,914,30,0,0,0,603,0,0,0,0,1197.0160000000001,0,35.162999999999997,18.489999999999998
2022-03-17 03:00:00,18654.800999999999,-5.1989999999999998,-2,0,-2438,21100,914,140,0,0,0,603,0,0,0,0,1270.175,0,35.087000000000003,18.657
2022-03-17 04:00:00,19240.800999999999,-5.1989999999999998,-2,0,-2303,21551,914,770,0,0,0,603,0,0,0,0,1279.9169999999999,0,19.460000000000001,18.652000000000001
2022-03-17 05:00:00,21886.237999999998,-4.9320000000000004,-2,0,-666,22559.169999999998,914,573,0,0,0,603,0,0,0,0,1262.2660000000001,0,0,18.59
2022-03-17 06:00:00,22752.800999999999,-5.1989999999999998,-2,0,-16,22776,914,844,0,0,0,603,485,0,0,0,1330.3699999999999,21.164000000000001,2.9999999999999999E-2,18.609000000000002
2022-03-17 07:00:00,22380.800999999999,-5.1989999999999998,-1,0,-19,22406,914,879,0,0,0,603,331,0,0,0,1222.8150000000001,464.56900000000002,120.211,19.085000000000001
2022-03-17 08:00:00,22385.935000000001,-5.0650000000000004,-1,0,-19,22411,914,910,0,0,0,603,270,0,0,0,1091.7349999999999,1116.7080000000001,270.89999999999998,19.494
2022-03-17 09:00:00,21727.935000000001,-5.0650000000000004,-1,0,-19,21753,914,945,0,0,0,603,548,0,0,0,993.08699999999999,1435.1279999999999,488.85000000000002,19.129000000000001
2022-03-17 10:00:00,21688.981,-4.7990000000000004,-1,0,-14,21708.779999999999,914,938,0,0,0,603,790,0,0,0,852.46100000000001,1574.268,494.10500000000002,17.030000000000001
2022-03-17 11:00:00,21804.800999999999,-5.1989999999999998,-1,0,-16,21827,913,1056,0,0,0,603,585,0,0,0,681.221,1668.4059999999999,458.26499999999999,16.352
2022-03-17 12:00:00,21947.201000000001,-4.7990000000000004,-1,0,-15,21968,914,1162,0,0,0,603,599,0,0,0,567.33000000000004,1607.8019999999999,436.971,16.443999999999999
2022-03-17 13:00:00,21934.935000000001,-5.0650000000000004,-1,0,-17,21958,914,1173,0,0,0,603,570,0,0,0,517.65599999999995,1553.6410000000001,420.91699999999997,15.18
2022-03-17 14:00:00,22118.201000000001,-4.7990000000000004,-1,0,-16,22140,913,1152,0,0,0,603,536,0,0,0,642.50699999999995,1457.7950000000001,377.82999999999998,16.222999999999999
2022-03-17 15:00:00,22384.777999999998,-4.9320000000000004,-1,0,-16,22406.709999999999,914,1152,0,0,0,603,576,0,0,0,789.15999999999997,1360.2819999999999,425.30599999999998,18.696000000000002
2022-03-17 16:00:00,23005.935000000001,-5.0650000000000004,-1,0,-16,23028,914,1146,0,0,0,603,705,0,0,0,1005.337,1086.768,420.61399999999998,19.512
2022-03-17 17:00:00,23135.800999999999,-5.1989999999999998,-1,0,-16,23158,914,1127,0,0,0,603,866,0,0,0,1171.6859999999999,568.37800000000004,437.26299999999998,19.544
2022-03-17 18:00:00,23098.935000000001,-5.0650000000000004,-1,0,-10,23115,914,1164,0,0,0,603,1762,166,0,0,1427.7660000000001,63.959000000000003,418.54700000000003,19.577999999999999
2022-03-17 19:00:00,23149.067999999999,-4.9320000000000004,-1,0,-4,23159,913,1187,0,0,0,603,1784,166,0,0,1562.4010000000001,0,417.06700000000001,19.57
2022-03-17 20:00:00,22653.280999999999,-5.1989999999999998,-1,0,-64,22723.48,914,1179,0,0,0,603,548,0,0,0,1473.105,0,418.43200000000002,19.248000000000001
2022-03-17 21:00:00,21243.800999999999,-5.1989999999999998,-1,0,-1247,22497,914,1207,0,0,0,603,0,0,0,0,1397.056,0,371.79300000000001,19.129000000000001
2022-03-17 22:00:00,19728.667999999998,-4.9320000000000004,-1,0,-1839,21573.599999999999,914,1104,0,0,0,603,0,0,0,0,1295.491,0,67.016999999999996,19.114999999999998
2022-03-17 23:00:00,18927.935000000001,-5.0650000000000004,-1,0,-2155,21089,914,1058,0,0,0,603,0,0,0,0,1065.3219999999999,0,39.893999999999998,18.544
2022-03-17 00:00:00,18707.067999999999,-4.9320000000000004,-2,0,-2294,21008,914,54,0,0,0,603,0,0,0,0,1272.4469999999999,0,35.240000000000002,18.495999999999999
2022-03-17 01:00:00,18599.201000000001,-4.7990000000000004,-2,0,-1973,20579,913,30,0,0,0,603,0,0,0,0,1153.5630000000001,0,35.198999999999998,18.483000000000001
2022-03-17 02:00:00,18572.970999999998,-5.1989999999999998,-2,0,-2217,20797.169999999998,914,30,0,0,0,603,0,0,0,0,1197.0160000000001,0,35.162999999999997,18.489999999999998
2022-03-17 03:00:00,18654.800999999999,-5.1989999999999998,-2,0,-2438,21100,914,140,0,0,0,603,0,0,0,0,1270.175,0,35.087000000000003,18.657
2022-03-17 04:00:00,19240.800999999999,-5.1989999999999998,-2,0,-2303,21551,914,770,0,0,0,603,0,0,0,0,1279.9169999999999,0,19.460000000000001,18.652000000000001
2022-03-17 05:00:00,21886.237999999998,-4.9320000000000004,-2,0,-666,22559.169999999998,914,573,0,0,0,603,0,0,0,0,1262.2660000000001,0,0,18.59
2022-03-17 06:00:00,22752.800999999999,-5.1989999999999998,-2,0,-16,22776,914,844,0,0,0,603,485,0,0,0,1330.3699999999999,21.164000000000001,2.9999999999999999E-2,18.609000000000002
2022-03-17 07:00:00,22380.800999999999,-5.1989999999999998,-1,0,-19,22406,914,879,0,0,0,603,331,0,0,0,1222.8150000000001,464.56900000000002,120.211,19.085000000000001
2022-03-17 08:00:00,22385.935000000001,-5.0650000000000004,-1,0,-19,22411,914,910,0,0,0,603,270,0,0,0,1091.7349999999999,1116.7080000000001,270.89999999999998,19.494
2022-03-17 09:00:00,21727.935000000001,-5.0650000000000004,-1,0,-19,21753,914,945,0,0,0,603,548,0,0,0,993.08699999999999,1435.1279999999999,488.85000000000002,19.129000000000001
2022-03-17 10:00:00,21688.981,-4.7990000000000004,-1,0,-14,21708.779999999999,914,938,0,0,0,603,790,0,0,0,852.46100000000001,1574.268,494.10500000000002,17.030000000000001
2022-03-17 11:00:00,21804.800999999999,-5.1989999999999998,-1,0,-16,21827,913,1056,0,0,0,603,585,0,0,0,681.221,1668.4059999999999,458.26499999999999,16.352
2022-03-17 12:00:00,21947.201000000001,-4.7990000000000004,-1,0,-15,21968,914,1162,0,0,0,603,599,0,0,0,567.33000000000004,1607.8019999999999,436.971,16.443999999999999
2022-03-17 13:00:00,21934.935000000001,-5.0650000000000004,-1,0,-17,21958,914,1173,0,0,0,603,570,0,0,0,517.65599999999995,1553.6410000000001,420.91699999999997,15.18
2022-03-17 14:00:00,22118.201000000001,-4.7990000000000004,-1,0,-16,22140,913,1152,0,0,0,603,536,0,0,0,642.50699999999995,1457.7950000000001,377.82999999999998,16.222999999999999
2022-03-17 15:00:00,22384.777999999998,-4.9320000000000004,-1,0,-16,22406.709999999999,914,1152,0,0,0,603,576,0,0,0,789.15999999999997,1360.2819999999999,425.30599999999998,18.696000000000002
2022-03-17 16:00:00,23005.935000000001,-5.0650000000000004,-1,0,-16,23028,914,1146,0,0,0,603,705,0,0,0,1005.337,1086.768,420.61399999999998,19.512
2022-03-17 17:00:00,23135.800999999999,-5.1989999999999998,-1,0,-16,23158,914,1127,0,0,0,603,866,0,0,0,1171.6859999999999,568.37800000000004,437.26299999999998,19.544
2022-03-17 18:00:00,23098.935000000001,-5.0650000000000004,-1,0,-10,23115,914,1164,0,0,0,603,1762,166,0,0,1427.7660000000001,63.959000000000003,418.54700000000003,19.577999999999999
2022-03-17 19:00:00,23149.067999999999,-4.9320000000000004,-1,0,-4,23159,913,1187,0,0,0,603,1784,166,0,0,1562.4010000000001,0,417.06700000000001,19.57
2022-03-17 20:00:00,22653.280999999999,-5.1989999999999998,-1,0,-64,22723.48,914,1179,0,0,0,603,548,0,0,0,1473.105,0,418.43200000000002,19.248000000000001
2022-03-17 21:00:00,21243.800999999999,-5.1989999999999998,-1,0,-1247,22497,914,1207,0,0,0,603,0,0,0,0,1397.056,0,371.79300000000001,19.129000000000001
2022-03-17 22:00:00,19728.667999999998,-4.9320000000000004,-1,0,-1839,21573.599999999999,914,1104,0,0,0,603,0,0,0,0,1295.491,0,67.016999999999996,19.114999999999998
2022-03-17 23:00:00,18927.935000000001,-5.0650000000000004,-1,0,-2155,21089,914,1058,0,0,0,603,0,0,0,0,1065.3219999999999,0,39.893999999999998,18.544
